team,year,athletes,events,age,height,weight,prev_medals,medals
AFG,1964,8,8,22.0,161.0,64.2,0.0,0
AFG,1968,5,5,23.2,170.2,70.0,0.0,0
AFG,1972,8,8,29.0,168.3,63.8,0.0,0
AFG,1980,11,11,23.6,168.4,63.2,0.0,0
AFG,2004,5,5,18.6,170.8,64.8,0.0,0
AFG,2008,4,4,22.5,179.2,62.8,0.0,1
AFG,2012,6,6,24.8,171.7,60.8,1.0,1
AFG,2016,3,3,24.7,173.7,74.0,1.0,0
AHO,1964,4,4,28.5,171.2,69.4,0.0,0
AHO,1968,5,4,31.0,173.2,67.8,0.0,0
AHO,1972,2,2,38.5,164.0,86.0,0.0,0
AHO,1976,4,4,27.3,174.5,66.0,0.0,0
AHO,1984,13,10,18.2,181.1,69.8,0.0,0
AHO,1988,4,4,25.0,193.0,80.0,0.0,1
AHO,1992,4,4,30.2,178.0,83.5,1.0,0
AHO,1996,7,7,30.1,178.0,83.2,0.0,0
AHO,2000,8,8,30.6,179.1,79.6,0.0,0
AHO,2004,3,3,32.3,183.7,80.0,0.0,0
AHO,2008,4,4,23.0,178.8,74.5,0.0,0
ALB,1996,9,7,26.8,169.0,67.5,0.0,0
ALB,2000,5,5,31.2,167.8,62.9,0.0,0
ALB,2004,7,7,20.9,172.3,70.7,0.0,0
ALB,2008,12,12,27.2,173.4,74.8,0.0,0
ALB,2012,10,9,25.7,176.8,80.2,0.0,0
ALB,2016,6,6,23.7,176.2,67.2,0.0,0
ALG,1968,9,9,25.8,169.8,61.2,0.0,0
ALG,1972,7,5,22.7,173.2,63.5,0.0,0
ALG,1980,63,28,23.4,175.4,69.2,0.0,0
ALG,1984,33,17,24.3,176.8,73.3,0.0,2
ALG,1988,45,29,24.6,176.2,72.8,2.0,0
ALG,1992,36,27,23.8,170.4,63.0,0.0,2
ALG,1996,47,29,24.2,176.0,70.2,2.0,3
ALG,2000,51,42,24.9,174.3,67.9,3.0,5
ALG,2004,71,57,25.1,173.6,67.6,5.0,0
ALG,2008,57,44,25.2,177.0,70.8,0.0,2
ALG,2012,39,29,24.8,174.3,66.9,2.0,1
ALG,2016,74,48,24.0,174.0,68.4,1.0,2
AND,1980,2,1,31.0,180.5,85.5,0.0,0
AND,1984,2,1,35.0,180.5,85.5,0.0,0
AND,1988,4,3,22.2,170.8,64.5,0.0,0
AND,1992,8,5,23.1,171.2,63.7,0.0,0
AND,1996,8,7,24.4,172.4,64.4,0.0,0
AND,2000,5,5,31.0,175.0,69.8,0.0,0
AND,2004,6,6,29.7,173.3,68.5,0.0,0
AND,2008,5,5,26.6,169.0,61.4,0.0,0
AND,2012,6,6,32.0,173.4,68.0,0.0,0
AND,2016,4,4,26.0,171.5,66.2,0.0,0
ANG,1988,33,27,20.1,169.2,61.3,0.0,0
ANG,1992,33,21,23.9,182.3,76.8,0.0,0
ANG,1996,30,8,25.5,180.6,76.8,0.0,0
ANG,2000,30,7,26.8,182.8,80.5,0.0,0
ANG,2004,30,5,26.7,182.9,81.5,0.0,0
ANG,2008,33,8,27.2,182.5,79.1,0.0,0
ANG,2012,35,10,26.4,174.4,70.1,0.0,0
ANG,2016,26,10,27.5,174.5,73.3,0.0,0
ANT,1984,27,17,21.1,176.5,64.8,0.0,0
ANT,1988,25,19,23.3,177.8,65.2,0.0,0
ANT,1992,18,15,25.4,172.3,63.7,0.0,0
ANT,1996,19,9,24.4,167.5,63.3,0.0,0
ANT,2000,4,4,29.5,170.2,69.5,0.0,0
ANT,2004,5,5,20.0,169.0,59.8,0.0,0
ANT,2008,5,5,22.2,176.8,68.4,0.0,0
ANT,2012,4,4,23.0,174.2,68.0,0.0,0
ANT,2016,9,5,22.2,176.8,71.6,0.0,0
ARG,1964,148,78,27.5,175.3,74.0,4.0,1
ARG,1968,132,60,26.1,175.5,73.1,1.0,2
ARG,1972,123,62,26.3,175.7,73.8,2.0,1
ARG,1976,106,50,24.2,175.3,73.9,1.0,0
ARG,1984,115,70,24.9,177.6,73.5,0.0,0
ARG,1988,134,53,25.0,178.7,73.4,0.0,13
ARG,1992,111,68,24.3,176.1,73.5,13.0,2
ARG,1996,221,102,24.5,177.9,75.7,2.0,20
ARG,2000,165,98,25.0,175.8,72.5,20.0,20
ARG,2004,179,86,27.0,177.4,75.2,20.0,49
ARG,2008,145,71,27.1,176.9,74.4,49.0,51
ARG,2012,148,66,27.4,180.0,78.4,51.0,19
ARG,2016,232,80,27.5,178.7,75.2,19.0,22
ARM,2000,26,26,25.6,174.2,75.3,2.0,1
ARM,2004,19,19,26.7,173.8,79.3,1.0,0
ARM,2008,26,24,24.9,173.7,74.5,0.0,6
ARM,2012,31,30,24.9,173.3,73.2,6.0,3
ARM,2016,34,32,24.5,170.3,73.6,3.0,4
ARU,1992,5,4,28.0,171.2,67.2,0.0,0
ARU,1996,3,3,23.3,175.3,79.3,0.0,0
ARU,2000,5,5,19.6,170.2,61.6,0.0,0
ARU,2004,4,4,22.0,175.8,74.0,0.0,0
ARU,2008,2,2,25.5,186.5,80.5,0.0,0
ARU,2012,4,4,23.8,173.0,87.0,0.0,0
ARU,2016,7,6,24.0,174.3,68.7,0.0,0
ASA,1996,7,6,30.9,168.0,91.2,0.0,0
ASA,2000,4,4,27.0,179.8,103.0,0.0,0
ASA,2004,3,3,30.0,172.0,91.7,0.0,0
ASA,2008,4,4,23.5,170.0,59.0,0.0,0
ASA,2012,4,4,22.0,171.0,79.8,0.0,0
ASA,2016,4,4,25.2,176.8,75.2,0.0,0
AUS,1964,392,133,24.4,174.5,70.2,46.0,44
AUS,1968,224,105,23.1,175.0,69.7,44.0,51
AUS,1972,266,110,23.3,175.9,70.9,51.0,20
AUS,1976,274,115,24.0,177.0,71.2,20.0,23
AUS,1980,190,92,22.5,178.3,73.2,23.0,13
AUS,1984,337,137,23.8,177.5,72.6,13.0,52
AUS,1988,339,145,24.9,177.7,72.9,52.0,35
AUS,1992,390,153,23.8,178.3,73.9,35.0,57
AUS,1996,550,211,24.9,175.9,71.8,57.0,132
AUS,2000,788,270,25.8,177.0,72.9,132.0,183
AUS,2004,601,219,25.8,177.5,73.6,183.0,157
AUS,2008,570,219,26.1,177.0,72.4,157.0,149
AUS,2012,514,208,26.3,178.4,73.4,149.0,114
AUS,2016,518,194,26.6,178.6,73.1,114.0,82
AUT,1964,82,54,24.8,175.8,73.6,3.0,0
AUT,1968,59,37,25.9,178.4,75.0,0.0,5
AUT,1972,143,68,26.3,177.4,73.9,5.0,3
AUT,1976,73,44,27.3,178.4,76.2,3.0,1
AUT,1980,92,51,24.6,177.6,73.4,1.0,5
AUT,1984,130,72,25.2,176.9,73.1,5.0,3
AUT,1988,96,62,27.0,180.5,77.3,3.0,1
AUT,1992,127,68,26.2,178.8,74.1,1.0,6
AUT,1996,92,53,27.5,179.2,73.1,6.0,3
AUT,2000,114,68,26.3,179.5,72.4,3.0,4
AUT,2004,92,56,28.4,179.5,73.0,4.0,8
AUT,2008,93,62,27.3,178.0,70.2,8.0,3
AUT,2012,90,69,28.2,176.7,69.5,3.0,0
AUT,2016,85,61,27.4,176.9,70.0,0.0,2
AZE,2000,32,32,26.4,170.7,70.0,1.0,3
AZE,2004,37,36,26.6,172.4,71.5,3.0,5
AZE,2008,44,37,23.8,171.2,69.2,5.0,7
AZE,2012,59,57,25.2,171.8,72.2,7.0,10
AZE,2016,69,62,25.6,175.7,72.0,10.0,18
BAH,1964,12,6,32.7,176.4,77.6,0.0,2
BAH,1968,22,12,27.5,179.8,78.4,2.0,0
BAH,1972,25,13,27.1,181.7,75.5,0.0,0
BAH,1976,19,13,23.2,180.4,74.4,0.0,0
BAH,1984,31,23,22.1,177.3,69.5,0.0,0
BAH,1988,18,15,26.9,177.6,73.5,0.0,0
BAH,1992,18,13,24.6,180.2,76.1,0.0,1
BAH,1996,36,17,27.1,176.3,72.4,1.0,5
BAH,2000,39,18,26.4,175.9,72.4,5.0,11
BAH,2004,28,18,25.8,174.3,72.5,11.0,2
BAH,2008,33,22,26.0,175.6,70.8,2.0,7
BAH,2012,29,16,26.0,176.6,68.8,7.0,4
BAH,2016,38,20,25.6,177.1,68.7,4.0,6
BAN,1988,11,8,23.5,170.8,63.1,0.0,0
BAN,1992,9,6,24.6,169.6,63.0,0.0,0
BAN,1996,4,4,22.8,164.0,55.5,0.0,0
BAN,2000,6,6,20.8,157.7,54.7,0.0,0
BAN,2004,4,4,19.2,168.0,59.0,0.0,0
BAN,2008,5,5,24.4,165.0,59.0,0.0,0
BAN,2012,7,7,20.7,164.3,61.7,0.0,0
BAN,2016,7,7,23.4,166.5,71.8,0.0,0
BAR,1972,20,13,24.4,170.8,71.2,0.0,0
BAR,1976,17,11,23.2,170.4,66.2,0.0,0
BAR,1984,25,16,24.2,179.6,70.6,0.0,0
BAR,1988,26,20,23.4,173.6,70.6,0.0,0
BAR,1992,22,17,26.1,180.8,73.9,0.0,0
BAR,1996,22,21,20.9,172.0,73.4,0.0,0
BAR,2000,28,21,23.5,177.8,73.8,0.0,1
BAR,2004,15,15,23.2,180.3,79.9,1.0,0
BAR,2008,10,10,22.4,182.4,76.2,0.0,0
BAR,2012,8,6,23.5,183.0,74.1,0.0,0
BAR,2016,13,11,25.2,180.7,75.2,0.0,0
BDI,2000,6,5,25.2,178.2,59.8,1.0,0
BDI,2004,7,5,25.0,171.0,57.1,0.0,0
BDI,2008,3,3,24.3,162.7,48.3,0.0,0
BDI,2012,6,6,21.8,172.0,63.8,0.0,0
BDI,2016,10,9,24.5,171.8,59.1,0.0,1
BEL,1964,74,36,25.0,176.5,73.5,4.0,3
BEL,1968,106,55,23.5,176.8,71.7,3.0,3
BEL,1972,106,51,24.7,176.0,72.2,3.0,2
BEL,1976,149,80,22.6,175.3,68.8,2.0,9
BEL,1980,84,51,23.0,176.0,68.2,9.0,1
BEL,1984,86,48,24.1,176.5,72.0,1.0,5
BEL,1988,85,65,24.3,174.8,69.0,5.0,2
BEL,1992,103,70,24.8,177.6,70.9,2.0,3
BEL,1996,81,55,27.1,178.4,71.9,3.0,6
BEL,2000,94,64,25.8,175.1,67.2,6.0,7
BEL,2004,70,41,28.9,175.7,66.8,7.0,3
BEL,2008,112,55,24.9,178.5,70.1,3.0,5
BEL,2012,142,71,27.7,177.4,70.5,5.0,3
BEL,2016,138,74,25.3,176.2,67.7,3.0,21
BEN,1980,17,17,24.0,169.4,62.7,0.0,0
BEN,1984,3,3,25.3,170.7,64.3,0.0,0
BEN,1988,10,7,27.6,176.2,68.2,0.0,0
BEN,1992,7,6,22.4,173.4,69.1,0.0,0
BEN,1996,7,4,25.7,175.4,71.9,0.0,0
BEN,2000,4,4,25.8,172.2,67.8,0.0,0
BEN,2004,4,4,22.8,174.5,67.8,0.0,0
BEN,2008,5,5,24.4,173.4,64.2,0.0,0
BEN,2012,5,5,26.2,174.6,65.2,0.0,0
BEN,2016,6,6,26.5,179.3,78.8,0.0,0
BER,1964,4,2,25.5,177.0,73.0,0.0,0
BER,1968,6,4,29.2,180.7,74.2,0.0,0
BER,1972,9,4,30.0,175.6,76.2,0.0,0
BER,1976,20,12,25.0,176.7,74.0,0.0,1
BER,1984,13,10,25.1,181.2,74.2,1.0,0
BER,1988,14,12,28.6,177.2,71.3,0.0,0
BER,1992,29,20,23.7,172.1,70.5,0.0,0
BER,1996,10,9,30.7,177.8,80.6,0.0,0
BER,2000,7,6,31.9,179.6,81.9,0.0,0
BER,2004,10,7,31.3,176.7,75.6,0.0,0
BER,2008,6,6,24.0,174.0,64.2,0.0,0
BER,2012,8,7,27.8,176.5,67.0,0.0,0
BER,2016,8,8,25.1,174.1,69.1,0.0,0
BHU,1988,6,2,34.0,169.3,66.0,0.0,0
BHU,1992,12,4,22.2,163.7,59.0,0.0,0
BHU,1996,2,2,23.5,163.0,55.0,0.0,0
BHU,2000,2,2,25.0,164.0,53.5,0.0,0
BHU,2004,2,2,25.5,167.5,57.5,0.0,0
BHU,2008,2,2,27.0,169.0,60.0,0.0,0
BHU,2012,2,2,27.5,155.0,60.0,0.0,0
BHU,2016,2,2,25.0,164.0,55.0,0.0,0
BIH,1996,12,12,27.3,176.6,68.7,0.0,0
BIH,2000,11,10,28.5,181.8,71.9,0.0,0
BIH,2004,11,11,27.6,181.1,76.2,0.0,0
BIH,2008,7,7,32.4,180.4,81.0,0.0,0
BIH,2012,8,8,32.1,180.0,78.0,0.0,0
BIH,2016,11,8,25.3,180.2,85.9,0.0,0
BIZ,1972,2,2,66.0,175.0,76.0,0.0,0
BIZ,1976,4,4,44.3,175.3,66.7,0.0,0
BIZ,1984,13,7,22.4,174.6,68.2,0.0,0
BIZ,1988,13,7,22.3,174.2,66.2,0.0,0
BIZ,1992,18,10,22.5,177.2,69.2,0.0,0
BIZ,1996,5,5,26.8,175.8,61.2,0.0,0
BIZ,2000,2,2,21.0,177.5,74.5,0.0,0
BIZ,2004,2,2,23.5,176.5,70.5,0.0,0
BIZ,2008,4,4,26.8,175.8,70.2,0.0,0
BIZ,2012,3,3,27.3,164.0,66.7,0.0,0
BIZ,2016,3,3,27.3,183.7,79.3,0.0,0
BLR,2000,231,109,24.9,171.1,65.6,23.0,22
BLR,2004,192,121,25.5,176.4,73.4,22.0,15
BLR,2008,237,122,25.6,176.5,72.2,15.0,29
BLR,2012,185,110,26.9,177.1,73.0,29.0,23
BLR,2016,142,86,27.3,176.6,71.6,23.0,12
BOL,1968,4,3,39.0,173.5,74.2,0.0,0
BOL,1972,14,9,30.8,170.4,70.4,0.0,0
BOL,1976,5,5,30.8,173.4,67.4,0.0,0
BOL,1984,13,11,28.6,169.9,63.5,0.0,0
BOL,1988,12,12,20.5,177.7,70.9,0.0,0
BOL,1992,21,18,25.0,169.0,60.2,0.0,0
BOL,1996,9,9,22.6,170.2,62.0,0.0,0
BOL,2000,5,5,24.2,173.4,62.0,0.0,0
BOL,2004,11,11,20.5,162.0,54.4,0.0,0
BOL,2008,7,7,32.4,168.7,66.5,0.0,0
BOL,2012,5,5,23.8,171.5,65.2,0.0,0
BOL,2016,12,10,25.6,171.3,64.2,0.0,0
BOT,1984,8,6,28.5,176.9,69.5,0.0,0
BOT,1988,11,8,25.2,180.8,70.4,0.0,0
BOT,1992,6,6,27.7,176.8,67.2,0.0,0
BOT,1996,7,4,25.6,173.2,65.6,0.0,0
BOT,2000,9,5,24.9,173.4,65.2,0.0,0
BOT,2004,12,8,24.4,172.5,62.4,0.0,0
BOT,2008,11,11,23.8,175.3,62.7,0.0,0
BOT,2012,4,4,23.5,179.0,65.0,0.0,1
BOT,2016,14,7,21.9,179.4,67.2,1.0,0
BRA,1964,65,17,24.4,183.7,81.3,13.0,12
BRA,1968,89,27,24.9,180.0,76.2,12.0,4
BRA,1972,104,44,23.1,180.2,77.0,4.0,2
BRA,1976,89,47,23.6,177.7,73.0,2.0,3
BRA,1980,149,72,23.3,179.4,74.0,3.0,9
BRA,1984,197,82,24.3,179.2,73.2,9.0,36
BRA,1988,233,106,24.3,179.1,73.4,36.0,23
BRA,1992,233,107,25.2,181.3,74.8,23.0,14
BRA,1996,251,93,25.3,181.0,75.7,14.0,63
BRA,2000,236,96,25.0,177.2,71.3,63.0,48
BRA,2004,318,133,25.3,175.5,69.7,48.0,40
BRA,2008,338,145,25.7,175.7,69.8,40.0,78
BRA,2012,306,138,27.0,177.3,72.1,78.0,59
BRA,2016,583,222,27.2,175.4,71.3,59.0,50
BRN,1988,16,7,23.7,185.6,71.4,0.0,0
BRN,1992,15,10,24.9,167.9,72.8,0.0,0
BRN,2004,10,10,22.6,173.0,66.5,0.0,0
BRN,2008,15,11,24.3,172.3,65.9,0.0,0
BRN,2012,14,11,22.6,167.1,56.4,0.0,1
BRN,2016,33,20,23.4,171.3,61.4,1.0,2
BRU,2000,2,2,26.5,172.0,90.0,0.0,0
BRU,2004,1,1,22.0,173.0,65.0,0.0,0
BRU,2012,3,3,18.7,168.0,59.0,0.0,0
BRU,2016,3,3,23.0,158.0,57.3,0.0,0
BUL,1964,116,56,26.5,172.0,69.6,7.0,10
BUL,1968,189,69,24.3,173.6,69.4,10.0,26
BUL,1972,226,92,23.9,171.4,68.1,26.0,22
BUL,1976,254,108,22.2,170.0,66.3,22.0,39
BUL,1980,397,151,23.1,174.1,69.8,39.0,90
BUL,1988,281,120,23.1,173.5,68.6,90.0,41
BUL,1992,236,116,22.3,171.3,66.8,41.0,17
BUL,1996,181,89,24.1,172.2,67.7,17.0,21
BUL,2000,150,85,25.4,172.9,68.7,21.0,13
BUL,2004,119,94,25.4,175.1,71.5,13.0,17
BUL,2008,87,60,26.6,178.5,74.5,17.0,5
BUL,2012,75,56,26.1,176.6,69.5,5.0,2
BUL,2016,58,51,25.8,174.6,70.5,2.0,7
BUR,1988,9,7,23.8,176.5,71.0,0.0,0
BUR,1992,4,4,25.5,189.7,82.3,0.0,0
BUR,1996,5,5,20.4,172.4,68.0,0.0,0
BUR,2000,4,4,22.2,175.3,72.7,0.0,0
BUR,2004,5,5,28.8,174.0,71.6,0.0,0
BUR,2008,6,6,27.5,172.0,67.2,0.0,0
BUR,2012,5,5,22.8,174.4,68.2,0.0,0
BUR,2016,5,5,22.6,181.0,84.4,0.0,0
CAF,1988,15,4,25.0,189.1,80.4,0.0,0
CAF,1992,21,16,23.5,183.6,72.6,0.0,0
CAF,1996,5,5,25.2,177.2,67.8,0.0,0
CAF,2000,3,3,32.7,178.0,73.3,0.0,0
CAF,2004,4,4,26.0,171.8,60.0,0.0,0
CAF,2008,3,3,21.3,172.5,71.5,0.0,0
CAF,2012,6,6,23.3,171.2,61.0,0.0,0
CAF,2016,6,6,21.5,169.4,61.6,0.0,0
CAM,1972,17,14,23.6,169.2,64.8,0.0,0
CAM,1996,5,5,20.8,163.5,58.2,0.0,0
CAM,2000,4,4,23.8,167.2,62.8,0.0,0
CAM,2004,4,4,20.2,165.5,60.2,0.0,0
CAM,2008,4,4,18.0,166.2,58.2,0.0,0
CAM,2012,6,6,22.5,169.5,60.5,0.0,0
CAM,2016,6,6,29.5,163.5,56.8,0.0,0
CAN,1964,194,92,24.4,175.9,71.6,9.0,5
CAN,1968,291,124,24.0,174.3,69.1,5.0,10
CAN,1972,344,136,23.2,175.4,69.2,10.0,11
CAN,1976,531,173,22.8,175.7,69.0,11.0,23
CAN,1984,572,193,23.7,175.2,70.1,23.0,87
CAN,1988,503,193,24.1,174.8,70.0,87.0,23
CAN,1992,445,199,25.1,175.0,70.2,23.0,44
CAN,1996,408,189,26.4,175.2,69.9,44.0,50
CAN,2000,422,175,26.0,175.6,70.4,50.0,31
CAN,2004,391,151,26.2,174.1,69.4,31.0,17
CAN,2008,449,185,26.5,175.7,71.5,17.0,35
CAN,2012,354,179,26.4,174.6,68.9,35.0,55
CAN,2016,405,175,26.0,174.5,68.4,55.0,69
CAY,1984,14,7,25.0,178.8,72.5,0.0,0
CAY,1988,12,7,22.2,179.1,71.3,0.0,0
CAY,1992,13,7,26.6,180.1,76.0,0.0,0
CAY,1996,9,7,30.8,176.3,69.0,0.0,0
CAY,2000,4,4,24.0,173.2,66.8,0.0,0
CAY,2004,8,8,21.8,174.4,72.6,0.0,0
CAY,2008,6,6,21.8,185.7,82.7,0.0,0
CAY,2012,7,5,23.3,187.0,84.1,0.0,0
CAY,2016,5,5,23.2,179.4,73.6,0.0,0
CGO,1972,8,5,21.4,175.3,68.7,0.0,0
CGO,1980,25,8,26.6,175.0,65.8,0.0,0
CGO,1984,13,10,27.8,173.2,66.2,0.0,0
CGO,1988,10,7,24.3,176.9,66.0,0.0,0
CGO,1992,10,7,24.3,175.6,69.2,0.0,0
CGO,1996,5,5,21.6,176.3,62.3,0.0,0
CGO,2000,5,5,22.2,168.2,58.7,0.0,0
CGO,2004,5,5,22.0,174.8,80.0,0.0,0
CGO,2008,5,5,24.0,176.4,69.0,0.0,0
CGO,2012,7,6,26.1,172.0,67.9,0.0,0
CGO,2016,10,9,24.9,174.9,82.2,0.0,0
CHA,1968,4,3,24.5,180.2,68.0,0.0,0
CHA,1972,5,4,25.0,180.5,79.0,0.0,0
CHA,1984,3,3,28.0,183.7,76.0,0.0,0
CHA,1988,6,6,23.0,177.5,64.7,0.0,0
CHA,1992,7,7,22.1,173.0,63.0,0.0,0
CHA,1996,4,4,21.5,177.5,68.0,0.0,0
CHA,2000,3,3,22.7,173.3,59.0,0.0,0
CHA,2004,1,1,27.0,170.0,59.0,0.0,0
CHA,2008,2,2,22.5,172.5,60.0,0.0,0
CHA,2012,2,2,18.0,170.0,65.0,0.0,0
CHA,2016,2,2,23.5,173.0,51.5,0.0,0
CHI,1964,16,13,27.8,176.3,70.7,0.0,0
CHI,1968,25,19,29.4,172.4,69.9,0.0,0
CHI,1972,13,9,27.5,168.0,65.1,0.0,0
CHI,1976,9,8,27.8,174.2,69.4,0.0,0
CHI,1984,64,25,26.4,175.8,70.1,0.0,0
CHI,1988,23,14,26.8,179.0,77.9,0.0,1
CHI,1992,15,12,27.1,172.9,72.9,1.0,0
CHI,1996,24,18,23.5,173.9,72.8,0.0,0
CHI,2000,58,28,25.9,176.4,70.9,0.0,17
CHI,2004,29,25,26.0,177.6,76.7,17.0,4
CHI,2008,29,26,27.0,175.7,74.6,4.0,1
CHI,2012,44,36,29.8,172.7,69.7,1.0,0
CHI,2016,47,36,27.1,172.7,67.0,0.0,0
CHN,1984,323,105,22.1,172.1,65.7,0.0,74
CHN,1988,427,150,22.5,171.3,65.4,74.0,52
CHN,1992,394,144,22.1,170.9,65.0,52.0,82
CHN,1996,438,155,22.1,170.4,65.3,82.0,106
CHN,2000,414,163,22.6,171.0,64.7,106.0,79
CHN,2004,518,204,23.0,172.8,66.4,79.0,94
CHN,2008,730,257,23.9,176.0,69.9,94.0,184
CHN,2012,479,206,24.0,175.4,68.6,184.0,125
CHN,2016,499,209,24.0,175.0,68.0,125.0,113
CIV,1968,11,7,26.8,177.1,73.2,0.0,0
CIV,1972,13,7,28.2,174.2,72.6,0.0,0
CIV,1976,11,8,20.3,175.4,69.2,0.0,0
CIV,1984,18,14,24.1,175.9,69.7,0.0,1
CIV,1988,29,10,23.1,174.2,66.8,1.0,0
CIV,1992,18,11,23.7,175.6,70.9,0.0,0
CIV,1996,13,8,23.5,184.7,83.7,0.0,0
CIV,2000,18,12,23.6,174.6,72.1,0.0,0
CIV,2004,5,5,24.2,172.8,66.6,0.0,0
CIV,2008,22,7,24.1,178.6,72.6,0.0,0
CIV,2012,10,10,23.7,173.0,65.9,0.0,0
CIV,2016,15,12,26.1,175.5,68.6,0.0,2
CMR,1968,5,5,24.8,169.8,66.4,0.0,1
CMR,1972,18,12,23.2,175.1,69.2,1.0,0
CMR,1976,4,1,23.8,174.0,68.5,0.0,0
CMR,1980,29,23,25.0,174.0,73.4,0.0,0
CMR,1984,56,32,26.1,176.0,74.3,0.0,1
CMR,1988,21,21,23.4,173.5,78.7,1.0,0
CMR,1992,12,9,24.0,168.6,64.2,0.0,0
CMR,1996,19,13,24.2,172.5,65.6,0.0,0
CMR,2000,39,14,22.4,174.9,69.1,0.0,18
CMR,2004,19,15,24.2,174.2,72.1,18.0,1
CMR,2008,32,16,23.2,175.9,72.7,1.0,1
CMR,2012,32,16,24.2,168.3,69.1,1.0,0
CMR,2016,22,13,26.6,173.9,72.4,0.0,0
COD,1984,9,9,23.3,166.0,64.3,0.0,0
COD,1988,21,15,23.6,174.4,67.8,0.0,0
COD,1992,19,14,24.5,176.5,67.0,0.0,0
COD,1996,14,2,25.8,181.2,70.7,0.0,0
COD,2000,3,3,24.7,176.0,63.0,0.0,0
COD,2004,6,4,20.8,173.3,65.0,0.0,0
COD,2008,5,5,27.4,177.3,74.3,0.0,0
COD,2012,4,4,23.2,177.8,87.2,0.0,0
COD,2016,4,4,24.0,163.0,57.0,0.0,0
COK,1992,2,2,22.5,172.5,86.5,0.0,0
COK,1996,3,3,26.3,174.3,79.0,0.0,0
COK,2000,2,2,24.0,181.5,74.5,0.0,0
COK,2004,3,3,26.3,170.3,87.7,0.0,0
COK,2008,4,4,22.0,170.0,108.5,0.0,0
COK,2012,9,9,20.1,166.3,78.3,0.0,0
COK,2016,9,9,23.3,172.7,73.0,0.0,0
COL,1964,40,19,27.9,172.0,66.9,0.0,0
COL,1968,70,33,19.5,170.5,66.2,0.0,0
COL,1972,75,39,23.1,165.2,62.7,0.0,3
COL,1976,44,30,23.6,164.1,61.8,3.0,0
COL,1980,28,7,25.0,174.0,70.8,0.0,0
COL,1984,48,34,25.2,170.8,64.4,0.0,1
COL,1988,57,34,24.9,169.9,63.2,1.0,1
COL,1992,61,31,24.4,174.7,67.6,1.0,1
COL,1996,62,44,25.8,170.1,64.3,1.0,0
COL,2000,54,45,25.8,170.5,64.5,0.0,1
COL,2004,71,59,25.6,170.1,65.7,1.0,2
COL,2008,90,74,24.9,170.5,66.7,2.0,2
COL,2012,120,81,25.3,170.0,63.7,2.0,8
COL,2016,157,85,25.8,169.7,64.6,8.0,8
COM,2000,2,2,19.5,172.5,60.0,0.0,0
COM,2004,3,3,27.7,175.5,66.7,0.0,0
COM,2008,3,3,21.7,160.0,50.0,0.0,0
COM,2012,3,3,21.3,166.0,53.3,0.0,0
COM,2016,4,4,21.8,168.5,60.5,0.0,0
CPV,2000,2,2,31.5,168.5,57.0,0.0,0
CPV,2004,3,3,27.3,180.3,69.3,0.0,0
CPV,2008,2,2,25.5,175.5,66.0,0.0,0
CPV,2012,3,3,22.3,177.3,79.3,0.0,0
CPV,2016,5,5,22.6,177.6,63.5,0.0,0
CRC,1968,27,18,27.7,170.9,69.4,0.0,0
CRC,1972,4,4,31.8,173.5,73.5,0.0,0
CRC,1976,10,9,24.0,170.1,60.9,0.0,0
CRC,1980,37,18,23.8,174.6,67.5,0.0,0
CRC,1984,32,16,24.8,174.2,65.2,0.0,0
CRC,1988,33,18,20.7,174.3,67.2,0.0,1
CRC,1992,20,18,26.8,176.7,65.0,1.0,0
CRC,1996,13,13,24.8,175.5,67.5,0.0,1
CRC,2000,9,9,25.3,178.9,70.3,1.0,2
CRC,2004,21,8,24.7,177.0,72.6,2.0,0
CRC,2008,8,8,24.5,175.2,72.2,0.0,0
CRC,2012,11,11,26.2,175.3,66.9,0.0,0
CRC,2016,12,11,27.8,173.1,68.6,0.0,0
CRO,1996,117,57,24.6,186.9,84.1,15.0,28
CRO,2000,108,53,24.5,185.2,80.9,28.0,10
CRO,2004,100,57,25.9,186.2,84.7,10.0,21
CRO,2008,125,66,25.9,185.5,83.1,21.0,5
CRO,2012,118,53,27.1,183.2,81.1,5.0,35
CRO,2016,93,47,27.0,186.0,85.0,35.0,24
CUB,1964,76,24,21.7,170.6,65.4,0.0,1
CUB,1968,227,78,21.5,169.0,66.5,1.0,10
CUB,1972,201,69,22.3,173.6,71.5,10.0,22
CUB,1976,194,76,23.5,176.8,74.0,22.0,24
CUB,1980,288,92,23.7,176.5,74.4,24.0,20
CUB,1992,196,90,24.8,177.3,77.2,20.0,69
CUB,1996,178,84,25.7,178.6,76.9,69.0,55
CUB,2000,271,135,26.5,176.6,75.0,55.0,65
CUB,2004,177,108,26.0,174.0,73.5,65.0,62
CUB,2008,171,102,25.6,176.1,74.6,62.0,47
CUB,2012,118,86,25.4,173.9,73.0,47.0,14
CUB,2016,143,99,24.5,174.7,72.8,14.0,11
CYP,1984,12,9,30.0,175.3,69.4,0.0,0
CYP,1988,11,10,27.4,173.7,64.2,0.0,0
CYP,1992,19,17,24.4,180.4,77.3,0.0,0
CYP,1996,24,16,24.0,179.2,79.1,0.0,0
CYP,2000,24,20,25.2,179.6,71.3,0.0,0
CYP,2004,21,20,25.2,176.4,70.8,0.0,0
CYP,2008,18,17,24.5,173.9,66.3,0.0,0
CYP,2012,13,12,25.8,178.0,73.5,0.0,1
CYP,2016,21,19,24.5,175.8,68.2,1.0,0
CZE,2000,162,96,25.2,179.3,75.7,13.0,9
CZE,2004,171,104,26.5,180.6,75.1,9.0,13
CZE,2008,158,105,26.1,180.5,75.8,13.0,7
CZE,2012,159,99,26.8,179.5,74.5,7.0,14
CZE,2016,135,92,27.0,180.1,74.5,14.0,15
DEN,1964,71,40,24.1,177.4,72.6,23.0,12
DEN,1968,93,53,26.1,176.5,71.5,12.0,17
DEN,1972,155,73,26.3,180.6,75.0,17.0,1
DEN,1976,81,40,26.8,177.5,71.9,1.0,8
DEN,1980,60,30,26.6,181.9,78.7,8.0,8
DEN,1984,74,33,25.1,182.5,78.0,8.0,13
DEN,1988,130,73,23.9,181.3,73.7,13.0,7
DEN,1992,144,67,25.0,181.4,74.6,7.0,14
DEN,1996,145,66,25.8,179.8,72.0,14.0,23
DEN,2000,124,55,27.8,179.8,73.2,23.0,25
DEN,2004,115,59,27.4,178.9,71.1,25.0,29
DEN,2008,108,62,26.5,183.1,77.6,29.0,19
DEN,2012,149,69,26.9,180.5,74.9,19.0,16
DEN,2016,143,67,26.4,180.9,74.7,16.0,41
DJI,1988,6,5,24.2,170.7,53.8,0.0,1
DJI,1992,8,7,25.9,174.7,58.2,1.0,0
DJI,1996,5,4,32.4,174.2,60.2,0.0,0
DJI,2000,2,2,25.0,164.0,55.0,0.0,0
DJI,2012,4,4,19.5,173.5,61.5,0.0,0
DJI,2016,8,7,21.9,175.6,61.8,0.0,0
DMA,2000,4,4,22.2,176.8,66.2,0.0,0
DMA,2004,2,2,22.0,171.5,63.5,0.0,0
DMA,2008,2,2,25.0,175.5,73.0,0.0,0
DMA,2012,2,2,21.5,174.0,61.5,0.0,0
DMA,2016,2,2,25.0,179.0,74.0,0.0,0
DOM,1968,24,16,26.1,167.8,68.8,0.0,0
DOM,1972,5,4,29.4,165.8,78.8,0.0,0
DOM,1976,11,10,20.8,166.9,56.7,0.0,0
DOM,1980,7,7,21.8,173.8,69.7,0.0,0
DOM,1984,24,20,23.8,172.7,70.7,0.0,1
DOM,1988,18,15,24.8,170.9,74.7,1.0,0
DOM,1992,32,13,22.8,159.3,58.8,0.0,0
DOM,1996,16,16,23.5,173.5,64.8,0.0,0
DOM,2000,13,13,23.0,178.4,80.7,0.0,0
DOM,2004,33,22,24.4,177.8,70.1,0.0,1
DOM,2008,27,21,25.4,167.3,66.3,1.0,2
DOM,2012,36,21,24.5,174.6,64.2,2.0,2
DOM,2016,30,22,25.7,172.5,63.8,2.0,1
ECU,1972,4,4,18.5,176.5,60.8,0.0,0
ECU,1976,8,8,21.4,176.3,72.7,0.0,0
ECU,1980,16,13,19.8,174.2,68.1,0.0,0
ECU,1984,15,14,28.1,172.1,71.9,0.0,0
ECU,1988,15,15,26.1,170.0,64.9,0.0,0
ECU,1992,15,15,26.0,162.6,57.9,0.0,0
ECU,1996,28,18,24.1,176.0,72.1,0.0,1
ECU,2000,11,11,27.7,171.4,73.3,1.0,0
ECU,2004,18,15,27.9,170.1,65.9,0.0,0
ECU,2008,26,23,26.2,170.4,66.6,0.0,1
ECU,2012,36,34,25.0,171.2,66.3,1.0,0
ECU,2016,40,29,27.5,169.9,65.2,0.0,0
EGY,1964,83,35,25.4,178.8,75.8,5.0,0
EGY,1968,35,18,25.8,175.8,74.4,0.0,0
EGY,1972,26,16,23.5,175.3,71.4,0.0,0
EGY,1976,26,7,24.7,183.2,74.2,0.0,0
EGY,1984,148,74,24.2,178.4,77.9,0.0,1
EGY,1988,59,36,23.7,181.8,81.7,1.0,0
EGY,1992,83,32,23.8,178.7,80.4,0.0,0
EGY,1996,33,17,24.8,186.5,88.6,0.0,0
EGY,2000,103,64,24.7,180.8,79.7,0.0,0
EGY,2004,104,48,25.0,179.0,78.9,0.0,5
EGY,2008,116,68,24.9,178.1,76.3,5.0,1
EGY,2012,132,87,24.1,173.4,70.9,1.0,2
EGY,2016,137,87,24.5,176.8,75.0,2.0,3
ERI,2004,5,3,23.2,162.6,51.8,0.0,1
ERI,2008,11,6,25.0,168.3,54.8,1.0,0
ERI,2012,12,7,24.2,174.1,59.6,0.0,0
ERI,2016,12,6,26.2,172.0,56.3,0.0,0
ESA,1972,18,12,30.8,172.9,71.0,0.0,0
ESA,1984,15,15,21.9,170.6,67.1,0.0,0
ESA,1988,7,7,23.7,166.3,61.3,0.0,0
ESA,1992,6,6,19.8,181.5,86.0,0.0,0
ESA,1996,10,10,24.7,171.3,62.7,0.0,0
ESA,2000,10,10,24.5,170.1,64.3,0.0,0
ESA,2004,9,9,23.7,164.6,60.4,0.0,0
ESA,2008,14,14,25.2,166.3,61.4,0.0,0
ESA,2012,11,11,23.3,169.3,65.1,0.0,0
ESA,2016,10,10,22.5,167.2,64.2,0.0,0
ESP,1964,67,35,23.9,173.5,69.0,14.0,0
ESP,1968,137,50,23.9,176.6,72.1,0.0,0
ESP,1972,162,59,24.6,174.7,72.7,0.0,1
ESP,1976,160,68,23.0,171.8,68.5,1.0,6
ESP,1980,211,75,23.0,176.9,71.9,6.0,24
ESP,1984,257,104,23.5,174.5,68.9,24.0,19
ESP,1988,317,130,23.8,175.5,69.3,19.0,5
ESP,1992,537,195,24.3,177.4,71.4,5.0,69
ESP,1996,384,157,25.1,173.7,67.3,69.0,66
ESP,2000,431,165,25.6,173.9,68.2,66.0,42
ESP,2004,423,155,26.0,173.5,68.6,42.0,30
ESP,2008,355,147,26.7,175.5,70.2,30.0,70
ESP,2012,339,135,26.5,176.3,70.9,70.0,63
ESP,2016,363,146,27.7,176.4,71.1,63.0,45
EST,1992,46,35,24.1,182.8,80.5,7.0,3
EST,1996,52,36,27.4,183.4,81.7,3.0,0
EST,2000,41,29,27.6,185.4,84.5,0.0,3
EST,2004,45,34,25.9,183.8,82.8,3.0,3
EST,2008,53,42,25.0,183.8,82.0,3.0,3
EST,2012,36,30,27.3,183.0,85.0,3.0,2
EST,2016,49,31,27.5,180.0,78.0,2.0,4
ETH,1964,19,11,24.6,170.8,60.5,1.0,1
ETH,1968,26,13,26.7,173.6,60.1,1.0,2
ETH,1972,40,20,26.4,174.3,60.8,2.0,2
ETH,1980,48,26,25.5,173.0,59.1,2.0,4
ETH,1992,24,11,21.7,167.3,56.5,4.0,3
ETH,1996,19,10,22.9,165.4,53.3,3.0,3
ETH,2000,27,11,22.9,167.3,53.3,3.0,8
ETH,2004,27,12,22.9,166.8,52.2,8.0,7
ETH,2008,29,10,23.9,166.1,51.9,7.0,7
ETH,2012,34,14,23.8,170.8,54.8,7.0,7
ETH,2016,38,16,23.4,170.0,55.7,7.0,8
FIJ,1972,4,4,23.5,167.8,64.5,0.0,0
FIJ,1976,5,5,24.0,167.0,56.0,0.0,0
FIJ,1984,26,22,25.2,177.7,74.4,0.0,0
FIJ,1988,41,31,24.0,176.5,70.0,0.0,0
FIJ,1992,36,32,22.8,178.7,76.3,0.0,0
FIJ,1996,21,14,23.8,177.5,78.4,0.0,0
FIJ,2000,9,9,24.6,176.2,79.7,0.0,0
FIJ,2004,9,9,26.9,177.8,79.0,0.0,0
FIJ,2008,6,6,30.8,181.0,76.7,0.0,0
FIJ,2012,9,9,25.1,175.6,80.0,0.0,0
FIJ,2016,53,14,24.9,177.6,80.5,0.0,13
FIN,1964,151,64,25.9,176.9,71.5,6.0,5
FIN,1968,126,61,25.1,174.0,70.8,5.0,4
FIN,1972,133,75,26.9,177.3,74.7,4.0,10
FIN,1976,108,63,26.5,180.3,77.1,10.0,6
FIN,1980,125,71,25.8,179.4,75.1,6.0,9
FIN,1984,107,76,26.5,178.3,73.2,9.0,12
FIN,1988,101,66,27.7,177.4,74.7,12.0,4
FIN,1992,130,85,25.5,178.1,73.7,4.0,7
FIN,1996,105,74,26.0,177.8,73.8,7.0,4
FIN,2000,88,64,26.2,176.6,73.6,4.0,5
FIN,2004,67,53,27.3,179.4,78.4,5.0,2
FIN,2008,70,55,27.3,177.7,75.4,2.0,5
FIN,2012,69,61,27.5,175.0,69.3,5.0,5
FIN,2016,67,55,26.4,176.1,70.5,5.0,1
FRA,1964,214,89,24.8,174.8,69.7,12.0,31
FRA,1968,311,107,24.2,173.6,68.6,31.0,27
FRA,1972,356,132,24.4,175.4,70.6,27.0,22
FRA,1976,302,128,24.5,174.3,68.4,22.0,20
FRA,1980,200,85,23.7,175.9,68.9,20.0,29
FRA,1984,354,139,24.3,176.5,69.2,29.0,67
FRA,1988,413,167,24.5,176.2,68.8,67.0,29
FRA,1992,486,196,25.5,176.0,69.5,29.0,57
FRA,1996,453,183,25.3,174.5,67.2,57.0,51
FRA,2000,470,196,26.0,176.2,69.5,51.0,66
FRA,2004,461,193,26.2,176.1,69.2,66.0,53
FRA,2008,448,205,26.4,177.0,69.9,53.0,77
FRA,2012,426,188,26.6,177.4,70.8,77.0,82
FRA,2016,512,202,27.1,177.9,72.4,82.0,96
FRG,1972,587,183,24.6,177.2,71.8,51.0,102
FRG,1976,452,163,24.2,177.1,71.2,102.0,78
FRG,1984,571,194,23.9,178.7,72.2,78.0,158
FRG,1988,516,194,24.7,179.5,73.2,158.0,115
FSM,2004,5,5,22.6,164.0,58.4,0.0,0
FSM,2008,5,5,22.6,163.2,62.4,0.0,0
FSM,2012,6,6,27.5,165.5,64.2,0.0,0
FSM,2016,5,5,23.8,154.6,64.0,0.0,0
GAB,1984,4,4,21.2,167.5,65.2,0.0,0
GAB,1988,2,2,21.5,164.0,57.0,0.0,0
GAB,1992,5,5,23.8,175.0,69.0,0.0,0
GAB,1996,9,6,27.1,171.1,65.8,0.0,0
GAB,2000,6,6,27.5,174.0,80.3,0.0,0
GAB,2004,5,5,24.0,169.4,69.6,0.0,0
GAB,2008,4,4,25.5,168.5,64.5,0.0,0
GAB,2012,21,7,21.9,172.8,71.6,0.0,1
GAB,2016,6,6,26.5,174.2,75.3,1.0,0
GAM,1988,6,6,23.5,170.3,69.8,0.0,0
GAM,1992,8,5,23.6,171.0,62.0,0.0,0
GAM,1996,12,6,22.8,170.9,63.0,0.0,0
GAM,2000,2,2,22.0,165.0,55.5,0.0,0
GAM,2004,3,3,22.0,181.7,65.3,0.0,0
GAM,2008,3,3,21.3,167.0,77.5,0.0,0
GAM,2012,2,2,22.0,156.0,68.0,0.0,0
GBR,1964,301,124,25.0,175.0,69.9,28.0,28
GBR,1968,328,133,24.8,175.9,69.9,28.0,19
GBR,1972,433,159,24.3,174.1,68.6,19.0,29
GBR,1976,353,148,24.3,175.1,68.9,29.0,32
GBR,1980,328,145,22.8,175.5,69.4,32.0,47
GBR,1984,509,190,24.5,174.4,69.3,47.0,71
GBR,1988,472,191,25.8,176.7,71.0,71.0,54
GBR,1992,512,203,25.9,176.5,70.9,54.0,50
GBR,1996,391,175,26.7,177.3,72.4,50.0,26
GBR,2000,415,179,26.4,176.6,71.7,26.0,54
GBR,2004,360,162,26.3,176.6,71.8,54.0,57
GBR,2008,420,185,25.3,176.8,71.4,57.0,81
GBR,2012,684,249,25.9,177.8,72.5,81.0,126
GBR,2016,478,198,26.7,176.6,71.2,126.0,145
GBS,2000,3,3,26.3,165.5,57.5,0.0,0
GBS,2004,3,3,25.0,165.0,60.3,0.0,0
GBS,2008,3,3,23.7,168.3,69.7,0.0,0
GBS,2012,4,4,25.8,168.5,68.2,0.0,0
GBS,2016,5,5,27.0,172.0,76.0,0.0,0
GDR,1972,454,161,23.3,175.2,69.8,52.0,151
GDR,1976,407,139,21.9,174.1,69.5,151.0,195
GDR,1980,495,167,22.7,176.7,71.4,195.0,264
GDR,1988,402,157,23.1,177.3,71.8,264.0,181
GEO,2000,47,41,25.4,173.3,74.4,2.0,6
GEO,2004,39,38,25.4,174.0,76.9,6.0,4
GEO,2008,38,35,26.2,175.9,76.5,4.0,6
GEO,2012,36,35,25.6,177.1,78.1,6.0,7
GEO,2016,45,40,26.8,176.7,82.4,7.0,7
GEQ,1988,7,7,22.3,170.5,68.5,0.0,0
GEQ,1992,8,8,21.4,176.0,77.0,0.0,0
GEQ,1996,8,5,25.2,170.0,67.7,0.0,0
GEQ,2000,4,4,21.5,164.3,56.7,0.0,0
GEQ,2004,2,2,20.5,171.5,65.5,0.0,0
GEQ,2008,3,3,28.7,162.5,73.3,0.0,0
GEQ,2012,2,2,26.0,173.0,65.5,0.0,0
GEQ,2016,1,1,27.0,170.0,63.0,0.0,0
GER,1964,478,159,24.9,174.8,71.2,89.0,116
GER,1992,653,237,24.6,178.8,72.3,116.0,198
GER,1996,626,234,26.4,179.7,74.1,198.0,124
GER,2000,567,234,26.9,179.4,73.6,124.0,118
GER,2004,592,228,26.9,179.8,74.7,118.0,149
GER,2008,558,207,26.8,178.5,73.5,149.0,99
GER,2012,510,213,26.6,178.3,73.0,99.0,94
GER,2016,536,217,26.5,178.2,73.0,94.0,159
GHA,1964,40,18,24.7,174.2,66.2,1.0,1
GHA,1968,36,18,26.0,173.7,67.5,1.0,0
GHA,1972,41,17,26.5,175.4,68.9,0.0,1
GHA,1984,27,17,23.0,168.9,60.6,1.0,0
GHA,1988,21,13,20.8,171.4,66.8,0.0,0
GHA,1992,41,13,21.5,177.0,69.4,0.0,20
GHA,1996,40,15,22.0,176.3,72.9,20.0,0
GHA,2000,28,13,23.2,171.5,67.5,0.0,0
GHA,2004,29,9,23.5,176.6,74.4,0.0,0
GHA,2008,9,9,23.4,174.2,64.4,0.0,0
GHA,2012,7,7,22.7,170.2,65.0,0.0,0
GHA,2016,15,12,22.9,170.1,64.1,0.0,0
GRE,1964,19,16,27.7,174.3,75.2,3.0,0
GRE,1968,44,27,26.1,175.4,75.9,0.0,1
GRE,1972,66,46,24.4,175.5,74.7,1.0,2
GRE,1976,40,34,26.0,174.6,72.4,2.0,0
GRE,1980,45,31,23.7,177.3,77.5,0.0,5
GRE,1984,73,49,24.2,179.2,81.8,5.0,2
GRE,1988,72,43,23.5,176.7,74.9,2.0,1
GRE,1992,76,53,24.9,178.1,78.9,1.0,2
GRE,1996,180,94,22.3,172.1,68.6,2.0,8
GRE,2000,175,114,24.4,175.5,69.8,8.0,18
GRE,2004,499,215,25.6,176.6,71.6,18.0,31
GRE,2008,176,105,26.0,178.8,73.8,31.0,7
GRE,2012,115,76,26.5,178.9,74.3,7.0,3
GRE,2016,104,65,25.8,180.6,74.4,3.0,7
GRN,1988,7,7,24.2,166.8,62.4,0.0,0
GRN,1996,5,2,20.0,183.0,75.0,0.0,0
GRN,2000,3,3,19.3,166.0,68.5,0.0,0
GRN,2004,5,5,22.8,178.2,72.4,0.0,0
GRN,2008,9,8,24.8,176.4,65.5,0.0,0
GRN,2012,8,8,25.1,178.4,67.5,0.0,1
GRN,2016,6,4,22.5,173.0,67.8,1.0,1
GUA,1968,67,37,25.5,170.4,64.4,0.0,0
GUA,1972,11,10,26.9,168.7,58.0,0.0,0
GUA,1976,28,8,25.0,173.4,66.8,0.0,0
GUA,1980,10,7,28.3,175.3,70.1,0.0,0
GUA,1984,53,40,19.7,172.8,64.3,0.0,0
GUA,1988,37,16,24.5,168.8,61.2,0.0,0
GUA,1992,41,27,18.5,172.3,61.9,0.0,0
GUA,1996,28,20,24.8,169.9,62.2,0.0,0
GUA,2000,18,14,25.6,171.8,66.0,0.0,0
GUA,2004,19,17,26.7,171.5,65.6,0.0,0
GUA,2008,13,12,27.5,174.4,67.6,0.0,0
GUA,2012,24,21,23.9,171.2,67.2,0.0,1
GUA,2016,25,19,24.9,169.0,60.0,1.0,0
GUI,1980,10,10,26.7,171.2,64.4,0.0,0
GUI,1984,1,1,33.0,167.0,71.0,0.0,0
GUI,1988,7,7,19.0,170.0,71.3,0.0,0
GUI,1992,11,11,25.0,174.7,61.4,0.0,0
GUI,1996,5,5,21.0,177.2,71.2,0.0,0
GUI,2000,6,6,23.5,174.0,76.0,0.0,0
GUI,2004,4,4,23.0,178.2,72.0,0.0,0
GUI,2008,5,5,23.2,179.2,69.4,0.0,0
GUI,2012,4,4,22.5,169.5,79.8,0.0,0
GUI,2016,5,5,19.8,168.0,69.2,0.0,0
GUM,1992,45,27,23.6,178.7,70.2,0.0,0
GUM,1996,9,9,24.7,180.6,77.4,0.0,0
GUM,2000,7,7,27.7,173.3,69.2,0.0,0
GUM,2004,4,4,25.2,179.8,74.0,0.0,0
GUM,2008,7,7,21.4,174.3,89.9,0.0,0
GUM,2012,8,8,23.6,176.9,86.6,0.0,0
GUM,2016,5,5,24.0,174.8,67.4,0.0,0
GUY,1968,6,6,22.8,174.2,67.5,0.0,0
GUY,1972,4,4,22.8,169.0,66.0,0.0,0
GUY,1980,10,10,24.1,178.5,63.8,0.0,1
GUY,1984,12,12,24.4,173.2,64.8,1.0,0
GUY,1988,8,8,25.0,171.2,64.2,0.0,0
GUY,1992,7,7,24.9,172.1,65.0,0.0,0
GUY,1996,9,6,22.8,189.6,65.9,0.0,0
GUY,2000,4,4,23.8,179.5,73.0,0.0,0
GUY,2004,4,4,24.8,172.8,69.5,0.0,0
GUY,2008,4,4,25.0,169.0,60.7,0.0,0
GUY,2012,6,6,23.3,172.4,66.0,0.0,0
GUY,2016,7,7,21.7,163.4,63.3,0.0,0
HAI,1972,7,7,21.6,172.4,67.6,0.0,0
HAI,1976,14,14,24.7,170.1,65.4,0.0,0
HAI,1984,3,2,26.0,175.0,65.0,0.0,0
HAI,1988,5,5,26.8,179.0,84.8,0.0,0
HAI,1992,8,8,28.1,178.3,78.3,0.0,0
HAI,1996,7,7,24.1,182.3,84.0,0.0,0
HAI,2000,5,5,23.8,169.8,67.2,0.0,0
HAI,2004,8,8,25.9,178.8,80.6,0.0,0
HAI,2008,7,7,27.0,174.0,77.6,0.0,0
HAI,2012,5,5,24.8,175.8,72.0,0.0,0
HAI,2016,10,10,25.2,174.7,66.2,0.0,0
HKG,1964,50,24,27.9,172.7,66.3,0.0,0
HKG,1968,25,12,25.5,173.9,73.3,0.0,0
HKG,1972,18,13,25.3,176.8,68.7,0.0,0
HKG,1976,50,27,26.3,173.1,61.6,0.0,0
HKG,1984,87,47,23.7,171.8,62.7,0.0,0
HKG,1988,91,49,23.5,173.4,64.4,0.0,0
HKG,1992,66,39,22.5,177.9,69.4,0.0,0
HKG,1996,32,25,27.2,175.4,68.9,0.0,1
HKG,2000,46,34,21.9,171.3,64.1,1.0,0
HKG,2004,42,29,23.3,169.0,62.2,0.0,2
HKG,2008,47,33,25.7,170.1,62.0,2.0,0
HKG,2012,55,44,24.7,168.7,62.9,0.0,1
HKG,2016,47,32,25.1,170.9,64.0,1.0,0
HON,1976,3,2,22.0,167.3,57.7,0.0,0
HON,1984,26,20,23.3,166.7,58.7,0.0,0
HON,1988,18,15,19.1,171.0,60.2,0.0,0
HON,1992,27,25,21.4,173.8,62.2,0.0,0
HON,1996,7,7,24.3,165.0,50.7,0.0,0
HON,2000,20,4,22.4,175.5,68.9,0.0,0
HON,2004,5,5,22.8,171.8,69.0,0.0,0
HON,2008,26,8,22.8,176.8,75.3,0.0,0
HON,2012,25,10,22.3,169.5,70.7,0.0,0
HON,2016,23,8,23.5,178.9,78.2,0.0,0
HUN,1964,319,111,24.5,173.8,70.4,66.0,56
HUN,1968,303,116,24.4,173.9,69.4,56.0,81
HUN,1972,367,134,24.4,174.9,70.7,81.0,81
HUN,1976,288,109,23.7,172.8,67.5,81.0,55
HUN,1980,392,151,24.0,174.3,69.0,55.0,61
HUN,1988,315,135,23.7,176.4,72.0,61.0,44
HUN,1992,351,156,24.1,175.5,71.8,44.0,45
HUN,1996,315,145,24.4,175.3,70.9,45.0,43
HUN,2000,238,137,25.6,179.1,75.7,43.0,53
HUN,2004,258,138,26.0,179.7,76.7,53.0,40
HUN,2008,216,126,25.7,178.9,75.1,40.0,27
HUN,2012,201,111,25.7,180.9,77.1,27.0,26
HUN,2016,204,113,26.8,179.4,75.2,26.0,22
INA,1968,6,5,33.5,167.5,69.2,0.0,0
INA,1972,7,7,24.7,163.1,55.0,0.0,0
INA,1976,11,11,23.5,164.1,59.6,0.0,0
INA,1984,23,16,23.8,164.9,57.5,0.0,0
INA,1988,43,32,21.9,167.6,60.5,0.0,3
INA,1992,51,31,23.5,168.9,64.6,3.0,6
INA,1996,45,23,24.5,169.4,63.1,6.0,6
INA,2000,54,32,24.4,168.1,61.0,6.0,8
INA,2004,39,27,24.4,166.8,61.0,8.0,5
INA,2008,26,17,25.0,168.0,63.7,5.0,7
INA,2012,22,16,23.5,164.6,63.0,7.0,2
INA,2016,31,20,24.5,168.5,66.7,2.0,4
IND,1964,111,42,25.7,169.9,66.5,13.0,15
IND,1968,27,11,26.3,172.3,70.3,15.0,16
IND,1972,43,27,26.0,174.2,70.7,16.0,14
IND,1976,26,10,26.7,171.1,65.3,14.0,0
IND,1980,78,30,25.5,170.8,66.9,0.0,16
IND,1984,53,30,24.9,169.4,64.8,16.0,0
IND,1988,55,27,24.1,168.7,61.7,0.0,0
IND,1992,61,36,24.4,172.5,63.0,0.0,0
IND,1996,54,31,24.6,171.8,67.0,0.0,1
IND,2000,70,38,25.4,173.3,68.4,1.0,1
IND,2004,81,43,24.7,169.9,68.4,1.0,1
IND,2008,67,48,25.4,173.1,72.6,1.0,3
IND,2012,95,55,26.0,174.2,72.7,3.0,6
IND,2016,130,67,26.1,170.0,66.3,6.0,2
IOA,2000,4,4,26.5,156.8,52.8,3.0,0
IOA,2012,4,4,24.8,178.5,70.0,0.0,0
IOA,2016,9,6,34.2,176.7,85.3,0.0,2
IRI,1964,96,58,26.6,169.4,64.9,4.0,2
IRI,1968,14,14,26.0,175.0,75.5,2.0,5
IRI,1972,56,33,25.1,172.9,67.6,5.0,3
IRI,1976,104,50,25.6,173.1,70.5,3.0,2
IRI,1988,26,21,22.8,171.4,66.3,2.0,1
IRI,1992,44,36,25.5,175.5,73.0,1.0,3
IRI,1996,18,18,24.3,176.7,76.5,3.0,3
IRI,2000,34,33,24.4,177.0,77.2,3.0,4
IRI,2004,37,35,24.6,176.5,81.3,4.0,6
IRI,2008,55,40,25.1,182.0,84.5,6.0,2
IRI,2012,57,51,25.4,177.3,82.3,2.0,12
IRI,2016,67,46,26.8,181.2,81.6,12.0,8
IRL,1964,35,23,28.5,176.3,69.4,0.0,1
IRL,1968,57,32,25.2,174.8,68.1,1.0,0
IRL,1972,84,54,26.5,174.7,69.7,0.0,0
IRL,1976,59,34,24.5,175.7,71.6,0.0,0
IRL,1980,57,38,24.8,177.7,73.4,0.0,3
IRL,1984,55,35,24.7,173.2,65.5,3.0,1
IRL,1988,78,47,25.7,176.8,70.1,1.0,0
IRL,1992,77,47,27.3,178.4,72.2,0.0,2
IRL,1996,99,70,27.4,178.4,72.9,2.0,4
IRL,2000,76,52,26.9,178.6,72.2,4.0,1
IRL,2004,55,31,29.0,178.9,69.1,1.0,0
IRL,2008,63,43,27.3,178.5,71.0,0.0,3
IRL,2012,76,54,28.5,175.1,66.6,3.0,5
IRL,2016,93,57,28.4,175.2,68.5,5.0,3
IRQ,1964,19,14,25.3,175.3,77.6,1.0,0
IRQ,1968,4,4,26.0,166.2,61.0,0.0,0
IRQ,1980,44,26,24.4,172.7,70.6,0.0,0
IRQ,1984,25,11,24.3,170.6,76.1,0.0,0
IRQ,1988,28,13,25.5,173.2,71.4,0.0,0
IRQ,1992,8,8,26.2,172.5,79.6,0.0,0
IRQ,1996,3,3,30.3,170.0,90.0,0.0,0
IRQ,2000,4,4,24.5,164.8,57.8,0.0,0
IRQ,2004,24,8,23.0,176.2,75.1,0.0,0
IRQ,2008,4,3,26.5,179.5,81.5,0.0,0
IRQ,2012,8,8,22.5,171.0,75.7,0.0,0
IRQ,2016,20,5,22.7,178.2,74.5,0.0,0
ISL,1964,5,5,24.0,183.4,69.5,0.0,0
ISL,1968,16,15,25.1,182.9,73.5,0.0,0
ISL,1972,30,16,23.6,182.2,79.4,0.0,0
ISL,1976,22,22,21.3,182.3,87.3,0.0,0
ISL,1980,12,11,24.0,188.6,90.4,0.0,0
ISL,1984,35,17,23.1,183.2,80.9,0.0,1
ISL,1988,42,25,24.4,183.4,81.2,1.0,0
ISL,1992,31,15,27.1,186.7,91.8,0.0,0
ISL,1996,15,15,21.8,173.9,68.4,0.0,0
ISL,2000,29,28,22.5,177.6,70.8,0.0,1
ISL,2004,34,20,26.0,183.2,79.8,1.0,0
ISL,2008,31,18,25.2,186.9,85.0,0.0,14
ISL,2012,36,20,26.1,185.9,83.6,14.0,0
ISL,2016,14,14,23.9,177.2,73.6,0.0,0
ISR,1964,13,12,25.2,171.3,70.9,0.0,0
ISR,1968,39,20,23.5,173.0,69.6,0.0,0
ISR,1972,17,14,27.7,169.2,68.8,0.0,0
ISR,1976,34,19,24.3,172.6,72.1,0.0,0
ISR,1984,65,46,21.9,168.7,60.2,0.0,0
ISR,1988,29,20,22.5,172.5,66.7,0.0,0
ISR,1992,44,42,23.5,179.4,77.7,0.0,2
ISR,1996,38,26,26.6,178.6,74.3,2.0,1
ISR,2000,58,43,24.2,179.4,74.9,1.0,1
ISR,2004,46,41,25.9,171.2,66.8,1.0,2
ISR,2008,60,47,24.6,174.6,66.8,2.0,1
ISR,2012,56,41,24.5,173.3,66.5,1.0,0
ISR,2016,59,45,25.0,174.3,66.8,0.0,2
ISV,1972,16,9,32.3,181.7,78.7,0.0,0
ISV,1976,26,21,26.6,175.6,70.8,0.0,0
ISV,1984,52,31,24.8,178.3,70.4,0.0,0
ISV,1988,46,27,24.8,178.6,71.3,0.0,1
ISV,1992,34,29,29.0,173.6,67.0,1.0,0
ISV,1996,14,11,26.1,170.6,60.9,0.0,0
ISV,2000,12,12,30.9,180.9,76.8,0.0,0
ISV,2004,9,9,27.1,182.2,78.2,0.0,0
ISV,2008,8,8,26.1,182.9,76.2,0.0,0
ISV,2012,9,7,24.0,178.1,71.0,0.0,0
ISV,2016,7,7,27.3,185.0,86.6,0.0,0
ITA,1964,256,91,25.0,175.0,72.6,88.0,51
ITA,1968,268,103,25.8,174.2,70.0,51.0,33
ITA,1972,345,123,23.7,173.8,69.2,33.0,25
ITA,1976,312,122,23.9,175.3,70.3,25.0,31
ITA,1980,203,88,23.7,178.7,72.7,31.0,37
ITA,1984,368,151,23.9,178.1,72.5,37.0,63
ITA,1988,374,140,24.1,176.7,71.4,63.0,29
ITA,1992,431,169,25.2,178.3,72.8,29.0,45
ITA,1996,460,172,26.2,176.7,72.1,45.0,71
ITA,2000,457,175,26.0,177.5,72.6,71.0,65
ITA,2004,474,175,26.1,177.7,73.0,65.0,104
ITA,2008,459,190,26.8,176.4,70.9,104.0,42
ITA,2012,382,169,27.1,176.2,70.7,42.0,68
ITA,2016,399,171,26.8,176.6,69.7,68.0,72
IVB,1988,4,4,24.2,179.0,72.2,0.0,0
IVB,1992,4,2,35.0,191.0,77.0,0.0,0
IVB,1996,11,5,22.6,178.5,72.8,0.0,0
IVB,2000,1,1,25.0,179.0,74.0,0.0,0
IVB,2004,1,1,27.0,178.0,77.0,0.0,0
IVB,2008,2,2,25.0,177.0,90.5,0.0,0
IVB,2012,2,2,24.0,168.0,60.0,0.0,0
IVB,2016,4,4,24.0,165.0,69.0,0.0,0
JAM,1964,32,16,24.1,175.7,68.2,0.0,0
JAM,1968,35,21,23.5,175.2,68.6,0.0,1
JAM,1972,51,27,21.1,173.6,63.2,1.0,1
JAM,1976,36,18,22.9,173.1,62.8,1.0,2
JAM,1980,32,15,22.8,175.6,66.3,2.0,3
JAM,1984,75,35,21.6,176.6,70.4,3.0,7
JAM,1988,49,22,24.0,176.3,68.7,7.0,7
JAM,1992,51,23,24.2,175.8,66.4,7.0,4
JAM,1996,69,29,25.6,176.0,67.5,4.0,16
JAM,2000,65,28,26.1,177.4,67.9,16.0,23
JAM,2004,62,27,24.7,175.9,70.1,23.0,13
JAM,2008,66,29,25.6,176.6,71.2,13.0,14
JAM,2012,62,25,26.1,176.5,72.1,14.0,25
JAM,2016,77,32,25.0,175.0,70.4,25.0,30
JOR,1984,15,12,26.2,173.6,69.5,0.0,0
JOR,1988,9,9,22.4,165.8,64.3,0.0,0
JOR,1992,5,5,23.6,187.3,69.0,0.0,0
JOR,1996,5,5,20.4,185.0,79.0,0.0,0
JOR,2000,8,8,24.1,170.8,66.0,0.0,0
JOR,2004,8,8,21.5,174.8,69.3,0.0,0
JOR,2008,7,7,20.4,172.7,66.1,0.0,0
JOR,2012,9,9,24.7,172.4,65.4,0.0,0
JOR,2016,8,8,23.9,174.8,73.4,0.0,1
JPN,1964,456,155,24.3,167.7,63.6,31.0,62
JPN,1968,289,97,23.5,168.2,63.8,62.0,63
JPN,1972,293,113,24.2,169.1,64.9,63.0,56
JPN,1976,328,119,24.3,168.6,63.7,56.0,41
JPN,1984,365,147,23.5,169.4,64.1,41.0,49
JPN,1988,412,166,23.9,169.0,63.0,49.0,20
JPN,1992,392,166,23.7,169.7,64.9,20.0,47
JPN,1996,448,168,23.4,168.1,62.5,47.0,42
JPN,2000,363,156,25.0,169.8,64.0,42.0,44
JPN,2004,414,169,25.7,169.5,63.8,44.0,93
JPN,2008,457,176,25.6,168.9,63.5,93.0,51
JPN,2012,399,178,25.1,168.5,62.8,51.0,84
JPN,2016,436,186,25.4,169.1,63.1,84.0,64
KAZ,2000,158,104,26.6,176.5,71.4,11.0,7
KAZ,2004,130,95,26.4,176.3,71.9,7.0,8
KAZ,2008,146,106,25.7,176.4,72.3,8.0,13
KAZ,2012,132,106,26.0,176.5,73.3,13.0,13
KAZ,2016,123,98,25.7,174.9,72.2,13.0,18
KEN,1964,41,21,26.2,173.5,67.0,0.0,1
KEN,1968,50,22,24.5,173.7,65.2,1.0,12
KEN,1972,69,29,25.8,175.2,66.8,12.0,12
KEN,1984,67,33,25.2,173.7,66.6,12.0,3
KEN,1988,88,50,25.9,174.0,67.4,3.0,9
KEN,1992,55,29,26.8,174.1,63.2,9.0,8
KEN,1996,54,27,26.1,172.5,63.5,8.0,8
KEN,2000,59,24,25.1,170.3,60.1,8.0,7
KEN,2004,46,16,25.1,168.2,59.1,7.0,7
KEN,2008,47,24,24.4,167.6,55.6,7.0,15
KEN,2012,51,23,24.6,169.4,57.9,15.0,11
KEN,2016,80,29,26.6,170.6,65.2,11.0,13
KGZ,2000,71,59,24.9,179.8,72.9,0.0,1
KGZ,2004,32,32,25.2,175.5,70.3,1.0,0
KGZ,2008,22,22,24.9,176.3,72.4,0.0,2
KGZ,2012,15,15,22.9,174.5,72.1,2.0,0
KGZ,2016,19,17,24.7,171.6,73.3,0.0,0
KIR,2008,2,2,23.5,174.0,93.0,0.0,0
KIR,2012,3,3,21.3,165.7,79.0,0.0,0
KIR,2016,3,3,23.3,163.0,73.0,0.0,0
KOR,1964,240,93,23.4,168.2,62.9,0.0,3
KOR,1968,66,43,23.5,170.7,65.8,3.0,2
KOR,1972,43,24,23.9,173.6,67.9,2.0,1
KOR,1976,51,27,24.5,172.8,67.2,1.0,17
KOR,1984,240,96,21.5,171.4,66.6,17.0,41
KOR,1988,551,218,21.7,172.3,66.5,41.0,77
KOR,1992,322,134,21.8,171.2,67.9,77.0,49
KOR,1996,417,160,22.5,173.6,68.5,49.0,66
KOR,2000,359,144,24.1,174.0,68.7,66.0,73
KOR,2004,344,149,24.2,172.8,67.3,73.0,52
KOR,2008,329,142,24.9,173.2,69.2,52.0,78
KOR,2012,312,140,25.5,172.8,67.3,78.0,61
KOR,2016,263,117,25.6,172.2,67.1,61.0,26
KSA,1976,19,13,22.9,175.9,71.7,0.0,0
KSA,1984,42,11,20.9,171.4,67.4,0.0,0
KSA,1988,13,12,23.8,164.2,62.5,0.0,0
KSA,1992,17,13,23.2,168.9,93.0,0.0,0
KSA,1996,34,13,22.9,176.4,69.8,0.0,0
KSA,2000,23,14,23.9,176.3,70.6,0.0,2
KSA,2004,16,12,26.2,173.9,71.0,2.0,0
KSA,2008,18,11,27.6,174.9,69.5,0.0,0
KSA,2012,23,14,30.1,171.4,67.1,0.0,4
KSA,2016,11,10,26.3,170.6,65.3,4.0,0
KUW,1976,21,13,20.8,172.4,68.1,0.0,0
KUW,1980,67,26,20.4,171.0,72.7,0.0,0
KUW,1984,31,17,20.8,176.0,71.7,0.0,0
KUW,1988,34,24,21.5,175.5,73.1,0.0,0
KUW,1992,37,18,21.9,177.2,77.5,0.0,0
KUW,1996,27,16,25.4,179.5,84.7,0.0,0
KUW,2000,30,10,23.7,175.3,70.7,0.0,1
KUW,2004,11,9,25.4,176.1,85.0,1.0,0
KUW,2008,8,7,26.1,181.0,85.1,0.0,0
KUW,2012,12,11,30.0,178.0,75.0,0.0,1
LAO,1988,3,3,22.3,160.3,51.3,0.0,0
LAO,1992,7,7,25.4,169.9,60.1,0.0,0
LAO,1996,5,2,22.4,167.0,61.3,0.0,0
LAO,2000,3,3,23.0,172.7,66.7,0.0,0
LAO,2004,5,5,20.8,166.6,59.0,0.0,0
LAO,2008,4,4,19.0,160.8,51.5,0.0,0
LAO,2012,3,3,18.0,166.3,58.0,0.0,0
LAO,2016,5,5,19.0,171.8,59.0,0.0,0
LAT,1992,40,31,25.3,179.0,75.5,2.0,3
LAT,1996,55,47,26.0,177.5,73.9,3.0,1
LAT,2000,60,47,26.0,177.4,75.5,1.0,3
LAT,2004,45,37,26.4,177.6,74.1,3.0,4
LAT,2008,53,33,26.1,184.0,82.1,4.0,3
LAT,2012,50,38,26.3,181.0,77.8,3.0,3
LAT,2016,33,25,26.6,180.7,77.9,3.0,0
LBA,1992,5,5,25.5,176.0,93.5,0.0,0
LBA,1996,5,5,23.4,174.4,68.4,0.0,0
LBA,2000,3,3,25.7,175.0,65.5,0.0,0
LBA,2004,8,8,20.8,166.7,68.9,0.0,0
LBA,2008,6,6,22.3,169.7,70.7,0.0,0
LBA,2012,4,4,25.8,173.0,65.2,0.0,0
LBA,2016,7,7,22.9,176.0,63.0,0.0,0
LBR,1964,2,2,20.0,168.0,58.0,0.0,0
LBR,1972,5,5,23.6,175.2,66.8,0.0,0
LBR,1984,10,7,21.0,172.0,60.6,0.0,0
LBR,1988,11,10,23.5,168.4,57.4,0.0,0
LBR,1996,7,3,22.6,177.3,74.1,0.0,0
LBR,2000,10,7,24.9,177.8,72.9,0.0,0
LBR,2004,2,2,23.0,164.0,72.0,0.0,0
LBR,2008,4,4,27.8,176.5,65.3,0.0,0
LBR,2012,3,3,27.3,173.3,68.0,0.0,0
LCA,2000,5,5,22.2,174.2,66.8,0.0,0
LCA,2004,2,2,22.5,168.5,64.0,0.0,0
LCA,2008,4,4,24.5,174.0,60.8,0.0,0
LCA,2012,4,4,26.2,170.5,61.0,0.0,0
LCA,2016,5,4,24.2,173.0,62.6,0.0,0
LES,1980,7,6,26.7,168.6,68.7,0.0,0
LES,1984,5,4,29.2,168.4,62.2,0.0,0
LES,1988,6,5,23.3,165.0,61.3,0.0,0
LES,1992,8,8,21.4,167.2,56.4,0.0,0
LES,1996,11,5,23.6,170.4,56.6,0.0,0
LES,2000,6,6,24.2,171.8,60.2,0.0,0
LES,2004,3,3,23.0,151.3,55.3,0.0,0
LES,2008,5,3,28.8,163.0,62.4,0.0,0
LES,2012,4,4,24.0,166.0,59.7,0.0,0
LES,2016,9,8,25.8,175.0,64.0,0.0,0
LIB,1964,8,3,31.1,174.2,70.6,0.0,0
LIB,1968,15,13,26.6,174.2,75.2,0.0,0
LIB,1972,36,23,24.7,174.3,73.3,0.0,1
LIB,1976,4,4,20.7,177.5,83.5,1.0,0
LIB,1980,19,16,25.2,171.7,76.4,0.0,1
LIB,1984,30,20,25.1,173.8,70.7,1.0,0
LIB,1988,31,28,21.3,173.1,71.0,0.0,0
LIB,1992,18,15,22.8,170.3,65.8,0.0,0
LIB,2000,6,6,22.8,173.2,67.2,0.0,0
LIB,2004,5,5,23.0,178.8,68.8,0.0,0
LIB,2008,6,6,24.7,175.0,79.3,0.0,0
LIB,2012,10,10,21.8,174.1,66.2,0.0,0
LIB,2016,9,9,26.4,171.4,68.0,0.0,0
LIE,1964,3,3,23.7,180.7,70.7,0.0,0
LIE,1968,3,3,22.0,178.0,68.0,0.0,0
LIE,1972,12,11,25.2,174.2,70.8,0.0,0
LIE,1976,9,9,23.1,172.4,70.6,0.0,0
LIE,1984,8,7,26.6,172.8,72.6,0.0,0
LIE,1988,16,15,24.2,178.2,73.2,0.0,0
LIE,1992,8,8,26.5,177.2,65.0,0.0,0
LIE,1996,2,2,29.0,172.0,60.0,0.0,0
LIE,2000,2,2,21.5,170.0,66.0,0.0,0
LIE,2004,1,1,25.0,175.0,80.0,0.0,0
LIE,2008,2,2,31.5,178.5,71.5,0.0,0
LIE,2012,4,4,24.5,175.2,68.0,0.0,0
LIE,2016,3,3,24.0,179.7,77.0,0.0,0
LTU,1996,81,49,25.4,184.1,80.7,13.0,11
LTU,2000,77,50,25.3,183.6,79.7,11.0,17
LTU,2004,70,44,25.8,186.5,82.9,17.0,3
LTU,2008,78,54,26.2,181.7,76.7,3.0,5
LTU,2012,72,54,26.2,182.0,80.3,5.0,5
LTU,2016,80,49,26.3,184.1,82.2,5.0,7
LUX,1964,27,18,27.5,168.9,65.8,0.0,0
LUX,1968,7,7,28.0,170.1,63.4,0.0,0
LUX,1972,15,8,29.7,176.0,71.1,0.0,0
LUX,1976,9,7,28.2,177.8,72.4,0.0,0
LUX,1980,4,4,30.0,175.3,95.3,0.0,0
LUX,1984,5,4,35.2,174.6,79.6,0.0,0
LUX,1988,11,11,25.6,175.4,65.2,0.0,0
LUX,1992,8,8,31.1,182.4,71.4,0.0,0
LUX,1996,7,7,33.4,171.2,71.8,0.0,0
LUX,2000,9,8,26.7,172.8,65.0,0.0,0
LUX,2004,14,10,23.7,177.6,67.0,0.0,0
LUX,2008,19,17,25.3,178.2,68.9,0.0,0
LUX,2012,11,11,27.4,177.9,68.8,0.0,0
LUX,2016,15,14,27.7,177.7,68.3,0.0,0
MAD,1968,6,6,25.3,180.2,69.3,0.0,0
MAD,1972,13,10,25.6,175.3,69.5,0.0,0
MAD,1980,18,18,19.1,162.9,55.3,0.0,0
MAD,1984,5,5,23.8,169.2,61.8,0.0,0
MAD,1992,17,15,22.4,170.1,56.9,0.0,0
MAD,1996,14,10,23.2,165.4,56.7,0.0,0
MAD,2000,13,10,25.8,168.7,61.7,0.0,0
MAD,2004,8,8,26.0,163.5,57.8,0.0,0
MAD,2008,6,6,25.8,164.8,63.2,0.0,0
MAD,2012,7,7,24.7,168.6,65.7,0.0,0
MAD,2016,6,6,26.8,168.0,62.8,0.0,0
MAR,1964,21,10,23.8,173.2,72.3,1.0,0
MAR,1968,25,14,23.9,177.2,68.4,0.0,0
MAR,1972,39,19,23.8,174.8,69.6,0.0,0
MAR,1976,9,9,25.2,173.2,62.2,0.0,0
MAR,1984,35,18,25.5,173.9,68.8,0.0,2
MAR,1988,29,25,25.1,172.5,58.8,2.0,3
MAR,1992,45,24,23.6,177.2,66.5,3.0,3
MAR,1996,38,28,25.5,174.4,64.5,3.0,2
MAR,2000,55,28,24.6,175.3,66.2,2.0,5
MAR,2004,57,28,25.5,174.5,64.8,5.0,3
MAR,2008,49,35,26.9,172.7,64.1,3.0,2
MAR,2012,67,40,25.7,174.3,66.2,2.0,1
MAR,2016,52,39,26.5,173.4,64.6,1.0,1
MAS,1968,35,14,24.6,172.6,64.2,0.0,0
MAS,1972,57,20,23.7,167.4,59.2,0.0,0
MAS,1976,25,9,25.2,172.2,61.8,0.0,0
MAS,1984,27,12,23.6,169.8,63.6,0.0,0
MAS,1988,17,15,20.9,172.9,63.5,0.0,0
MAS,1992,30,11,25.1,176.3,66.8,0.0,2
MAS,1996,43,21,22.7,176.5,69.8,2.0,3
MAS,2000,55,32,22.2,172.5,66.9,3.0,0
MAS,2004,38,31,22.8,169.4,65.2,0.0,0
MAS,2008,42,29,23.3,169.3,66.8,0.0,1
MAS,2012,38,25,23.2,167.6,62.8,1.0,2
MAS,2016,42,29,24.0,168.8,64.4,2.0,8
MAW,1984,23,16,25.9,165.2,64.4,0.0,0
MAW,1988,22,16,26.8,163.5,66.0,0.0,0
MAW,1992,4,4,21.5,169.7,60.0,0.0,0
MAW,1996,2,2,26.5,171.0,60.0,0.0,0
MAW,2000,2,2,21.0,169.0,51.5,0.0,0
MAW,2004,4,4,20.5,173.5,64.8,0.0,0
MAW,2008,4,4,19.0,170.0,61.5,0.0,0
MAW,2012,3,3,23.0,171.3,71.3,0.0,0
MAW,2016,5,5,21.6,164.2,59.4,0.0,0
MDA,2000,35,34,24.7,176.3,73.5,3.0,2
MDA,2004,33,31,25.9,178.3,76.4,2.0,0
MDA,2008,30,28,27.1,177.3,77.3,0.0,1
MDA,2012,20,19,24.2,176.7,73.6,1.0,2
MDA,2016,23,22,26.3,177.9,81.0,2.0,0
MDV,1992,10,8,22.5,162.6,58.4,0.0,0
MDV,1996,9,6,22.4,162.2,57.0,0.0,0
MDV,2000,4,4,18.2,160.5,47.5,0.0,0
MDV,2004,4,4,20.2,164.2,54.5,0.0,0
MDV,2008,4,4,20.2,175.8,58.8,0.0,0
MDV,2012,5,5,19.4,164.6,54.2,0.0,0
MDV,2016,4,4,21.8,157.0,51.7,0.0,0
MEX,1964,128,58,25.9,173.7,68.5,1.0,1
MEX,1968,446,146,22.5,170.8,65.0,1.0,9
MEX,1972,281,112,22.6,170.3,64.9,9.0,1
MEX,1976,137,54,23.9,174.1,68.2,1.0,2
MEX,1980,74,43,24.4,167.1,60.3,2.0,10
MEX,1984,155,87,23.9,170.8,63.5,10.0,6
MEX,1988,144,82,23.9,175.5,66.7,6.0,2
MEX,1992,140,71,24.1,174.3,67.8,2.0,1
MEX,1996,111,57,24.8,171.5,65.0,1.0,1
MEX,2000,98,67,25.7,172.2,63.7,1.0,6
MEX,2004,137,68,25.8,170.7,65.0,6.0,4
MEX,2008,103,73,25.7,170.1,65.3,4.0,4
MEX,2012,119,75,25.2,171.4,67.0,4.0,24
MEX,2016,139,80,25.4,173.0,67.5,24.0,5
MGL,1968,38,26,22.4,162.1,60.5,0.0,4
MGL,1972,44,39,26.6,168.2,66.9,4.0,1
MGL,1976,33,29,26.3,171.5,68.1,1.0,1
MGL,1980,57,41,23.5,167.8,63.8,1.0,4
MGL,1988,32,28,24.2,171.2,67.3,4.0,1
MGL,1992,38,31,25.0,174.0,69.2,1.0,2
MGL,1996,18,16,24.9,170.1,67.9,2.0,1
MGL,2000,23,21,26.0,170.8,71.0,1.0,0
MGL,2004,21,21,24.5,171.1,69.4,0.0,1
MGL,2008,31,29,26.2,169.8,66.9,1.0,4
MGL,2012,32,32,26.1,170.2,66.4,4.0,5
MGL,2016,46,41,26.7,169.1,68.4,5.0,2
MHL,2012,4,4,20.5,173.8,74.8,0.0,0
MHL,2016,5,5,18.8,166.6,70.4,0.0,0
MKD,2000,15,15,20.9,175.2,66.3,0.0,1
MKD,2004,14,14,24.4,176.0,67.8,1.0,0
MKD,2008,7,7,23.9,173.7,70.6,0.0,0
MKD,2012,4,4,19.5,177.5,68.0,0.0,0
MKD,2016,6,6,22.2,170.3,62.3,0.0,0
MLI,1968,2,2,26.0,182.0,87.5,0.0,0
MLI,1972,3,3,29.7,183.0,83.7,0.0,0
MLI,1980,7,7,25.0,177.7,69.4,0.0,0
MLI,1984,5,5,24.8,182.5,76.0,0.0,0
MLI,1988,8,8,21.4,186.0,82.0,0.0,0
MLI,1992,6,6,24.0,186.0,82.0,0.0,0
MLI,1996,4,4,26.5,185.0,82.7,0.0,0
MLI,2000,5,5,19.8,176.2,69.6,0.0,0
MLI,2004,21,6,21.5,180.5,69.2,0.0,0
MLI,2008,17,6,24.2,181.7,71.4,0.0,0
MLI,2012,6,6,25.5,179.7,83.0,0.0,0
MLI,2016,6,6,26.8,175.7,70.4,0.0,0
MLT,1968,1,1,33.0,169.0,72.0,0.0,0
MLT,1972,5,2,25.6,162.3,62.3,0.0,0
MLT,1980,12,5,25.9,168.7,57.1,0.0,0
MLT,1984,7,6,26.9,171.7,69.7,0.0,0
MLT,1988,6,6,23.7,167.5,63.8,0.0,0
MLT,1992,8,8,25.9,162.4,55.6,0.0,0
MLT,1996,10,10,26.1,175.2,69.8,0.0,0
MLT,2000,7,7,25.7,174.4,67.7,0.0,0
MLT,2004,7,7,22.6,171.6,70.3,0.0,0
MLT,2008,6,6,22.2,175.0,74.3,0.0,0
MLT,2012,5,5,24.4,174.0,72.8,0.0,0
MLT,2016,8,8,28.1,169.7,75.8,0.0,0
MNE,2012,34,9,27.5,183.0,83.8,0.0,14
MNE,2016,35,9,27.6,182.4,83.1,14.0,0
MON,1964,1,1,24.0,164.0,78.0,0.0,0
MON,1968,2,1,29.5,176.5,69.5,0.0,0
MON,1972,5,4,40.0,177.0,75.6,0.0,0
MON,1976,10,6,36.3,174.7,75.6,0.0,0
MON,1984,8,7,31.9,181.6,76.6,0.0,0
MON,1988,9,9,26.3,177.1,73.9,0.0,0
MON,1992,4,4,20.8,165.0,58.0,0.0,0
MON,1996,4,4,24.0,172.5,69.0,0.0,0
MON,2000,4,4,25.8,177.5,71.2,0.0,0
MON,2004,3,3,31.7,176.3,74.7,0.0,0
MON,2008,5,5,29.0,174.8,75.4,0.0,0
MON,2012,6,6,28.8,180.3,72.8,0.0,0
MON,2016,8,8,25.8,180.9,77.4,0.0,0
MOZ,1984,14,11,25.6,176.0,65.8,0.0,0
MOZ,1988,12,12,20.7,170.0,68.8,0.0,0
MOZ,1992,7,7,21.7,170.4,64.5,0.0,0
MOZ,1996,3,3,23.7,170.5,65.0,0.0,1
MOZ,2000,4,4,23.5,166.8,63.8,1.0,1
MOZ,2004,4,4,21.8,174.5,66.5,1.0,0
MOZ,2008,4,4,23.5,174.8,66.8,0.0,0
MOZ,2012,6,6,22.2,172.3,65.6,0.0,0
MOZ,2016,8,7,24.1,173.9,68.1,0.0,0
MRI,1988,11,9,24.9,175.0,68.3,0.0,0
MRI,1992,22,17,20.0,184.8,78.5,0.0,0
MRI,1996,36,23,23.9,176.0,71.1,0.0,0
MRI,2000,26,20,23.2,171.5,68.2,0.0,0
MRI,2004,9,9,24.2,172.4,67.6,0.0,0
MRI,2008,11,11,26.7,175.6,67.1,0.0,1
MRI,2012,11,10,24.1,171.4,62.8,1.0,0
MRI,2016,11,11,24.5,172.5,65.8,0.0,0
MTN,1988,7,7,26.0,175.3,78.7,0.0,0
MTN,1992,6,6,25.8,178.4,69.6,0.0,0
MTN,1996,4,4,28.5,172.2,66.2,0.0,0
MTN,2000,2,2,17.0,164.0,66.0,0.0,0
MTN,2004,2,2,23.5,177.0,59.5,0.0,0
MTN,2008,2,2,20.5,169.5,60.0,0.0,0
MTN,2012,2,2,22.5,165.5,59.0,0.0,0
MTN,2016,2,2,27.5,170.5,63.5,0.0,0
MYA,1964,12,11,26.0,167.7,61.7,0.0,0
MYA,1968,4,3,26.5,167.8,54.5,0.0,0
MYA,1972,19,7,23.3,168.4,58.7,0.0,0
MYA,1980,2,2,28.5,163.5,69.0,0.0,0
MYA,1984,1,1,26.0,167.0,60.0,0.0,0
MYA,1988,3,3,26.7,161.7,43.3,0.0,0
MYA,1992,5,5,27.0,163.0,47.5,0.0,0
MYA,1996,3,3,37.7,163.5,47.0,0.0,0
MYA,2000,7,7,23.7,160.3,53.6,0.0,0
MYA,2004,2,2,26.5,157.5,52.5,0.0,0
MYA,2008,7,7,24.7,167.4,65.0,0.0,0
MYA,2012,6,6,28.0,165.2,60.5,0.0,0
MYA,2016,8,8,27.1,170.7,62.7,0.0,0
NAM,1996,10,10,26.9,176.4,69.0,2.0,2
NAM,2000,16,16,26.1,170.6,62.6,2.0,0
NAM,2004,10,9,32.8,173.6,70.4,0.0,0
NAM,2008,11,10,29.5,172.1,59.8,0.0,0
NAM,2012,9,8,27.4,170.4,59.3,0.0,0
NAM,2016,11,9,30.9,171.5,58.6,0.0,0
NCA,1972,10,10,23.4,163.6,59.7,0.0,0
NCA,1976,25,19,20.1,170.3,65.4,0.0,0
NCA,1980,6,6,17.3,162.8,52.3,0.0,0
NCA,1984,5,5,23.4,172.6,68.2,0.0,0
NCA,1992,9,9,25.2,174.7,60.2,0.0,0
NCA,1996,28,9,26.2,176.0,76.8,0.0,0
NCA,2000,6,6,26.2,176.8,72.6,0.0,0
NCA,2004,6,6,23.3,168.2,60.3,0.0,0
NCA,2008,7,7,26.7,168.7,71.5,0.0,0
NCA,2012,6,6,24.7,173.8,63.0,0.0,0
NCA,2016,5,5,21.4,170.8,60.6,0.0,0
NED,1964,158,57,23.5,180.0,75.1,3.0,31
NED,1968,140,52,23.6,178.8,74.6,31.0,14
NED,1972,199,72,22.6,177.9,72.1,14.0,6
NED,1976,175,58,22.6,175.4,68.4,6.0,14
NED,1980,112,56,23.1,182.9,77.5,14.0,6
NED,1984,185,74,24.1,179.7,73.1,6.0,41
NED,1988,202,86,25.0,180.9,74.5,41.0,45
NED,1992,257,105,25.4,181.0,73.8,45.0,33
NED,1996,290,94,26.3,183.9,77.2,33.0,73
NED,2000,285,95,27.2,182.0,75.6,73.0,79
NED,2004,264,99,26.7,181.2,75.1,79.0,77
NED,2008,283,98,26.7,181.0,75.1,77.0,61
NED,2012,222,95,27.1,179.8,73.4,61.0,69
NED,2016,329,122,26.7,177.8,70.7,69.0,47
NEP,1976,1,1,23.0,162.0,50.0,0.0,0
NEP,1980,10,9,23.6,164.2,54.4,0.0,0
NEP,1984,10,8,27.0,164.5,55.8,0.0,0
NEP,1988,20,17,25.1,164.8,55.9,0.0,0
NEP,1992,2,2,26.0,167.0,57.0,0.0,0
NEP,1996,6,6,26.0,160.0,73.3,0.0,0
NEP,2000,5,5,25.2,159.4,51.0,0.0,0
NEP,2004,6,6,26.7,164.8,56.0,0.0,0
NEP,2008,8,8,27.1,163.1,61.6,0.0,0
NEP,2012,5,5,21.0,162.8,59.8,0.0,0
NEP,2016,7,7,22.3,163.6,59.3,0.0,0
NGR,1964,19,12,24.4,174.9,66.2,0.0,1
NGR,1968,46,18,24.0,169.8,64.3,1.0,0
NGR,1972,36,24,25.3,172.6,68.9,0.0,1
NGR,1980,56,22,23.1,174.5,65.9,1.0,0
NGR,1984,36,24,23.1,175.9,73.5,0.0,5
NGR,1988,86,44,23.5,174.7,73.6,5.0,0
NGR,1992,72,34,22.3,174.6,71.5,0.0,11
NGR,1996,84,38,23.1,177.2,71.1,11.0,24
NGR,2000,100,37,23.9,173.6,69.9,24.0,8
NGR,2004,79,31,24.3,173.9,69.4,8.0,8
NGR,2008,89,36,23.8,171.9,71.2,8.0,23
NGR,2012,58,31,25.1,179.6,75.4,23.0,0
NGR,2016,77,36,25.6,177.6,76.5,0.0,18
NIG,2004,4,4,21.0,170.0,67.0,0.0,0
NIG,2012,6,6,23.7,172.8,64.6,0.0,0
NIG,2016,6,6,20.8,179.2,70.3,0.0,1
NOR,1964,43,23,26.3,178.8,72.9,2.0,0
NOR,1968,86,36,22.5,173.3,68.0,0.0,6
NOR,1972,161,70,24.2,177.3,71.2,6.0,8
NOR,1976,79,44,24.1,182.7,78.8,8.0,6
NOR,1984,132,76,24.5,179.5,72.9,6.0,4
NOR,1988,79,42,25.0,179.0,74.2,4.0,22
NOR,1992,114,64,23.6,179.2,73.6,22.0,23
NOR,1996,116,65,25.5,177.5,73.5,23.0,23
NOR,2000,115,54,27.2,177.5,73.5,23.0,43
NOR,2004,60,35,29.3,180.1,78.1,43.0,7
NOR,2008,102,49,28.2,176.6,71.9,7.0,22
NOR,2012,69,46,27.3,179.8,71.4,22.0,17
NOR,2016,77,53,26.7,178.7,69.9,17.0,19
NRU,2000,2,2,26.5,165.0,75.2,0.0,0
NRU,2004,3,3,19.7,166.7,117.7,0.0,0
NRU,2008,1,1,21.0,175.0,148.0,0.0,0
NRU,2012,2,2,27.0,174.5,110.5,0.0,0
NRU,2016,2,2,25.0,162.5,73.0,0.0,0
NZL,1964,88,35,25.5,176.3,72.8,3.0,6
NZL,1968,65,26,24.1,177.5,76.7,6.0,7
NZL,1972,112,63,24.7,177.8,75.9,7.0,14
NZL,1976,98,52,24.7,177.7,72.7,14.0,25
NZL,1980,7,5,26.4,180.6,82.2,25.0,0
NZL,1984,162,76,24.8,178.0,73.9,0.0,23
NZL,1988,112,58,27.1,179.1,74.5,23.0,24
NZL,1992,175,87,26.4,178.9,74.1,24.0,15
NZL,1996,129,81,25.6,180.2,77.5,15.0,9
NZL,2000,177,95,27.1,176.9,75.6,9.0,4
NZL,2004,184,84,26.6,178.7,74.5,4.0,6
NZL,2008,201,78,26.5,178.3,74.9,6.0,15
NZL,2012,204,87,26.1,178.1,73.4,15.0,27
NZL,2016,232,100,26.0,177.3,74.3,27.0,36
OMA,1988,13,9,25.0,169.7,64.1,0.0,0
OMA,1992,5,5,26.4,171.6,63.4,0.0,0
OMA,1996,5,5,25.8,175.0,68.0,0.0,0
OMA,2000,8,5,28.2,171.8,68.5,0.0,0
OMA,2004,2,2,30.5,166.0,62.5,0.0,0
OMA,2008,4,4,26.8,169.8,66.0,0.0,0
OMA,2012,3,3,23.3,168.3,65.7,0.0,0
OMA,2016,4,4,25.8,172.0,70.0,0.0,0
PAK,1964,47,29,26.8,173.6,71.2,14.0,16
PAK,1968,15,3,25.5,169.3,70.0,16.0,13
PAK,1972,26,12,24.2,173.5,72.8,13.0,15
PAK,1976,24,9,25.6,173.8,67.8,15.0,16
PAK,1984,33,15,24.2,174.1,69.4,16.0,16
PAK,1988,33,15,23.0,174.9,67.8,16.0,1
PAK,1992,28,12,23.8,174.7,69.1,1.0,16
PAK,1996,24,9,23.8,175.2,70.3,16.0,0
PAK,2000,27,11,24.4,174.8,68.4,0.0,0
PAK,2004,26,11,25.3,173.6,67.6,0.0,0
PAK,2008,22,7,24.0,172.1,63.4,0.0,0
PAK,2012,21,6,25.7,171.4,64.9,0.0,0
PAK,2016,7,7,22.9,172.2,76.6,0.0,0
PAN,1964,15,10,23.3,163.5,59.5,0.0,0
PAN,1968,16,5,25.8,181.8,75.6,0.0,0
PAN,1972,8,8,27.0,174.5,69.3,0.0,0
PAN,1976,13,13,21.0,172.2,67.1,0.0,0
PAN,1984,10,10,21.7,171.6,71.2,0.0,0
PAN,1988,9,9,23.9,170.0,66.4,0.0,0
PAN,1992,7,7,28.0,165.0,59.7,0.0,0
PAN,1996,9,9,22.4,176.4,88.0,0.0,0
PAN,2000,7,7,24.1,174.6,74.7,0.0,0
PAN,2004,5,5,22.4,181.2,75.8,0.0,0
PAN,2008,5,5,23.6,176.6,63.8,0.0,1
PAN,2012,8,8,22.9,176.3,68.3,1.0,0
PAN,2016,14,14,27.4,165.2,63.8,0.0,0
PAR,1976,6,6,27.8,172.7,71.3,0.0,0
PAR,1984,18,15,27.6,174.3,69.4,0.0,0
PAR,1988,13,11,27.4,175.8,70.1,0.0,0
PAR,1992,31,12,19.9,177.8,76.4,0.0,0
PAR,1996,7,7,22.6,184.5,96.0,0.0,0
PAR,2000,5,5,20.0,173.5,69.2,0.0,0
PAR,2004,22,6,23.3,179.7,75.0,0.0,17
PAR,2008,7,7,22.3,173.9,74.9,17.0,0
PAR,2012,10,10,22.9,179.8,72.7,0.0,0
PAR,2016,11,11,29.5,173.9,71.9,0.0,0
PER,1964,40,19,26.1,179.7,77.9,0.0,0
PER,1968,33,21,24.1,171.5,67.7,0.0,0
PER,1972,31,25,22.2,172.2,71.9,0.0,0
PER,1976,14,3,21.6,170.2,62.9,0.0,0
PER,1980,38,26,22.6,172.6,70.9,0.0,0
PER,1984,44,29,21.7,175.3,69.6,0.0,1
PER,1988,26,15,24.6,176.3,71.1,1.0,12
PER,1992,21,18,24.7,176.9,77.3,12.0,1
PER,1996,33,22,23.9,173.4,72.5,1.0,0
PER,2000,22,12,26.5,175.0,70.4,0.0,0
PER,2004,14,14,26.6,175.9,74.8,0.0,0
PER,2008,13,13,24.9,175.2,79.8,0.0,0
PER,2012,16,14,24.3,169.1,62.8,0.0,0
PER,2016,34,28,25.7,168.5,62.1,0.0,0
PHI,1964,70,45,25.8,166.8,60.3,0.0,1
PHI,1968,89,53,24.3,173.1,64.7,1.0,0
PHI,1972,79,47,24.5,171.8,66.3,0.0,0
PHI,1976,22,21,25.2,167.3,57.0,0.0,0
PHI,1984,32,28,23.4,168.4,59.2,0.0,0
PHI,1988,42,40,22.1,169.4,63.1,0.0,1
PHI,1992,38,29,24.8,169.2,61.0,1.0,1
PHI,1996,18,18,26.7,167.9,55.7,1.0,1
PHI,2000,22,22,21.8,165.8,59.3,1.0,0
PHI,2004,21,21,22.3,170.6,67.3,0.0,0
PHI,2008,17,17,22.9,168.3,63.4,0.0,0
PHI,2012,11,11,25.3,167.2,67.6,0.0,0
PHI,2016,13,13,24.8,164.6,60.8,0.0,1
PLE,2000,2,2,22.5,170.0,63.5,0.0,0
PLE,2004,3,3,20.3,167.7,62.0,0.0,0
PLE,2008,4,4,20.8,163.0,58.7,0.0,0
PLE,2012,5,5,21.6,171.2,63.0,0.0,0
PLE,2016,6,6,29.0,171.5,64.2,0.0,0
PLW,2004,4,4,25.8,167.8,69.0,0.0,0
PLW,2008,5,5,23.2,165.4,69.8,0.0,0
PLW,2012,5,5,21.4,163.4,59.0,0.0,0
PLW,2016,6,6,22.5,168.0,78.5,0.0,0
PNG,1984,12,12,26.0,168.8,58.1,0.0,0
PNG,1988,15,15,24.3,167.2,62.4,0.0,0
PNG,1992,19,16,24.0,168.8,62.8,0.0,0
PNG,1996,17,11,23.2,171.1,64.5,0.0,0
PNG,2000,5,5,18.6,168.0,62.5,0.0,0
PNG,2004,6,6,21.7,181.2,80.3,0.0,0
PNG,2008,9,9,24.6,175.9,71.3,0.0,0
PNG,2012,8,8,24.6,169.0,68.1,0.0,0
PNG,2016,8,8,26.2,171.5,65.0,0.0,0
POL,1964,240,87,25.7,172.6,69.2,30.0,46
POL,1968,296,112,24.6,173.9,69.2,46.0,37
POL,1972,418,150,24.4,174.5,70.3,37.0,46
POL,1976,286,116,25.1,176.0,72.3,46.0,73
POL,1980,418,162,24.2,175.7,70.5,73.0,50
POL,1988,192,105,25.5,177.2,73.8,50.0,21
POL,1992,263,136,24.3,178.1,73.9,21.0,46
POL,1996,207,126,25.5,179.0,74.5,46.0,22
POL,2000,240,133,25.4,178.3,75.7,22.0,24
POL,2004,224,124,25.4,179.6,75.7,24.0,12
POL,2008,316,165,26.4,179.4,74.9,12.0,20
POL,2012,256,148,26.5,179.6,74.7,20.0,12
POL,2016,289,144,27.1,180.5,75.5,12.0,16
POR,1964,25,20,29.1,167.8,69.8,2.0,0
POR,1968,33,24,26.0,168.2,66.9,0.0,0
POR,1972,41,28,30.6,173.4,70.2,0.0,0
POR,1976,36,27,20.9,171.8,65.7,0.0,2
POR,1980,18,17,21.4,168.8,57.9,2.0,0
POR,1984,48,32,25.6,172.5,65.8,0.0,3
POR,1988,91,59,23.3,173.3,65.8,3.0,1
POR,1992,115,71,25.0,173.7,67.3,1.0,0
POR,1996,131,79,23.7,174.6,67.3,0.0,3
POR,2000,64,50,27.6,177.5,71.7,3.0,2
POR,2004,93,63,25.6,176.5,70.4,2.0,3
POR,2008,87,65,27.8,174.1,68.3,3.0,2
POR,2012,98,75,27.8,173.0,67.4,2.0,2
POR,2016,106,61,27.9,175.8,69.4,2.0,1
PRK,1976,40,21,25.0,170.8,69.0,15.0,2
PRK,1980,121,40,20.7,158.2,53.4,2.0,5
PRK,1992,123,53,21.2,165.6,61.0,5.0,10
PRK,1996,36,25,21.9,161.4,56.5,10.0,5
PRK,2000,47,34,23.3,160.5,54.5,5.0,4
PRK,2004,71,34,20.8,154.0,48.1,4.0,5
PRK,2008,66,38,23.9,161.9,57.0,5.0,6
PRK,2012,57,27,22.0,162.6,57.7,6.0,6
PRK,2016,38,28,25.3,160.6,58.3,6.0,7
PUR,1964,45,29,22.9,177.7,71.8,0.0,0
PUR,1968,99,54,22.9,175.5,70.0,0.0,0
PUR,1972,60,37,25.5,178.6,76.6,0.0,0
PUR,1976,112,74,22.9,175.8,69.7,0.0,1
PUR,1980,3,3,19.0,169.3,57.3,1.0,0
PUR,1984,58,45,24.5,172.8,67.5,0.0,2
PUR,1988,56,44,23.7,187.4,78.3,2.0,0
PUR,1992,101,57,24.6,180.8,76.5,0.0,1
PUR,1996,91,60,26.1,177.2,77.3,1.0,1
PUR,2000,38,31,25.4,172.3,68.7,1.0,0
PUR,2004,52,38,26.4,179.8,75.0,0.0,0
PUR,2008,31,31,22.8,175.7,70.9,0.0,0
PUR,2012,28,25,23.3,178.5,72.4,0.0,2
PUR,2016,41,27,25.7,177.5,66.4,2.0,1
QAT,1988,13,10,22.5,176.8,70.4,0.0,0
QAT,1992,30,11,20.7,178.9,75.4,0.0,1
QAT,1996,13,10,23.2,178.7,75.2,1.0,0
QAT,2000,19,14,23.3,180.6,78.7,0.0,1
QAT,2004,15,14,22.1,182.3,76.4,1.0,0
QAT,2008,20,14,24.2,174.4,68.9,0.0,0
QAT,2012,14,13,22.6,171.1,65.7,0.0,2
QAT,2016,42,20,27.0,184.1,82.5,2.0,1
ROU,1964,232,76,25.6,171.4,68.5,15.0,16
ROU,1968,100,64,25.4,175.2,72.7,16.0,23
ROU,1972,258,102,24.2,174.3,69.9,23.0,40
ROU,1976,255,92,23.6,172.6,68.2,40.0,55
ROU,1980,339,135,24.3,174.1,69.1,55.0,68
ROU,1984,193,86,23.1,170.7,67.5,68.0,106
ROU,1988,172,59,21.9,167.8,63.2,106.0,58
ROU,1992,306,128,22.3,175.1,70.2,58.0,53
ROU,1996,284,122,23.0,172.7,66.9,53.0,38
ROU,2000,252,116,23.6,172.9,67.1,38.0,46
ROU,2004,193,88,24.8,170.3,64.3,46.0,39
ROU,2008,172,80,24.3,170.2,64.0,39.0,22
ROU,2012,155,75,25.1,173.8,71.2,22.0,16
ROU,2016,121,62,26.6,176.5,69.5,16.0,16
RSA,1992,141,87,25.7,177.0,72.9,3.0,3
RSA,1996,111,62,24.0,178.2,70.5,3.0,5
RSA,2000,161,68,24.9,179.6,75.3,5.0,5
RSA,2004,128,68,25.4,178.4,74.7,5.0,10
RSA,2008,179,89,24.9,176.4,71.1,10.0,1
RSA,2012,145,65,25.4,177.1,71.3,1.0,9
RSA,2016,155,70,25.3,176.9,71.1,9.0,23
RUS,1996,552,212,24.3,176.4,71.1,14.0,115
RUS,2000,602,238,25.2,177.1,71.4,115.0,187
RUS,2004,593,235,26.0,176.2,70.7,187.0,189
RUS,2008,600,242,25.4,177.0,71.0,189.0,142
RUS,2012,549,238,25.4,177.7,70.6,142.0,140
RUS,2016,406,181,25.4,176.4,69.4,140.0,115
RWA,1988,8,7,23.0,164.0,57.8,0.0,0
RWA,1992,10,8,23.7,170.0,63.3,0.0,0
RWA,1996,4,4,22.5,175.5,60.3,0.0,0
RWA,2000,5,5,21.8,175.5,63.5,0.0,0
RWA,2004,5,5,26.0,169.8,59.2,0.0,0
RWA,2008,4,4,24.8,172.0,61.2,0.0,0
RWA,2012,7,7,23.7,166.7,61.0,0.0,0
RWA,2016,7,7,27.3,162.5,59.0,0.0,0
SAM,1988,11,11,23.0,172.3,73.5,0.0,0
SAM,1992,5,5,24.0,169.0,77.7,0.0,0
SAM,1996,5,5,23.2,175.5,78.3,0.0,0
SAM,2004,3,3,26.7,176.0,92.0,0.0,0
SAM,2008,7,7,29.1,177.6,89.4,0.0,0
SAM,2012,9,9,28.1,179.4,87.2,0.0,0
SAM,2016,9,9,26.3,166.8,68.8,0.0,0
SCG,2000,125,50,25.5,187.2,82.3,26.0,25
SCG,2004,96,39,25.4,189.8,85.2,25.0,13
SEN,1968,24,9,26.6,183.2,72.0,0.0,0
SEN,1972,40,23,25.9,180.0,72.4,0.0,0
SEN,1976,33,27,27.4,178.7,79.3,0.0,0
SEN,1980,39,22,24.7,183.3,76.9,0.0,0
SEN,1984,29,21,26.4,179.3,75.9,0.0,0
SEN,1988,35,23,25.1,180.9,75.5,0.0,1
SEN,1992,25,20,27.2,178.4,77.2,1.0,0
SEN,1996,12,8,27.5,185.2,80.4,0.0,0
SEN,2000,32,15,24.7,179.3,72.1,0.0,0
SEN,2004,21,17,24.2,176.7,66.7,0.0,0
SEN,2008,17,16,23.9,175.1,73.0,0.0,0
SEN,2012,32,16,24.8,180.7,74.9,0.0,0
SEN,2016,22,11,29.0,178.1,72.9,0.0,0
SEY,1984,15,15,23.3,171.9,62.1,0.0,0
SEY,1992,21,18,19.2,179.3,72.7,0.0,0
SEY,1996,9,9,24.1,178.2,73.4,0.0,0
SEY,2000,9,9,22.1,171.8,68.2,0.0,0
SEY,2004,10,10,23.4,177.5,74.5,0.0,0
SEY,2008,10,9,25.6,171.3,76.2,0.0,0
SEY,2012,6,6,19.2,172.6,68.8,0.0,0
SEY,2016,10,10,26.1,176.2,73.9,0.0,0
SGP,1968,6,6,26.7,164.8,55.7,1.0,0
SGP,1972,12,12,20.8,168.4,57.4,0.0,0
SGP,1976,4,4,24.0,166.0,67.8,0.0,0
SGP,1984,14,7,19.7,180.0,74.0,0.0,0
SGP,1988,27,16,22.2,177.6,70.1,0.0,0
SGP,1992,37,26,21.6,170.4,63.8,0.0,0
SGP,1996,35,27,20.6,172.5,64.0,0.0,0
SGP,2000,23,20,21.2,170.1,65.9,0.0,0
SGP,2004,22,16,24.6,170.1,64.0,0.0,0
SGP,2008,36,25,22.9,171.2,63.4,0.0,3
SGP,2012,36,29,23.4,166.0,61.9,3.0,4
SGP,2016,32,24,24.4,169.0,63.5,4.0,1
SKN,2000,4,4,25.0,174.0,71.0,0.0,0
SKN,2004,2,2,23.5,174.0,66.0,0.0,0
SKN,2008,6,5,25.7,172.2,63.2,0.0,0
SKN,2012,7,3,21.4,175.9,74.6,0.0,0
SKN,2016,9,4,29.1,178.3,75.9,0.0,0
SLE,1980,32,16,22.4,180.5,60.5,0.0,0
SLE,1984,10,6,21.9,178.6,70.2,0.0,0
SLE,1988,20,14,22.9,176.2,72.8,0.0,0
SLE,1992,15,12,20.4,177.0,71.2,0.0,0
SLE,1996,19,10,23.3,176.8,73.3,0.0,0
SLE,2004,2,2,18.5,157.0,65.5,0.0,0
SLE,2008,3,3,21.0,160.3,55.0,0.0,0
SLE,2012,2,2,25.5,180.5,73.5,0.0,0
SLE,2016,4,4,22.2,163.0,78.5,0.0,0
SLO,1996,47,34,24.4,178.8,71.6,6.0,2
SLO,2000,90,53,25.2,180.7,75.8,2.0,3
SLO,2004,102,66,25.8,181.3,77.4,3.0,5
SLO,2008,73,60,26.5,179.5,74.5,5.0,5
SLO,2012,78,68,26.4,175.7,70.1,5.0,5
SLO,2016,70,45,27.0,178.8,75.1,5.0,4
SMR,1968,4,2,28.5,168.5,69.2,0.0,0
SMR,1972,7,4,28.6,180.0,77.3,0.0,0
SMR,1976,10,7,28.3,175.0,73.8,0.0,0
SMR,1980,16,10,28.8,174.7,72.6,0.0,0
SMR,1984,31,26,25.9,174.9,70.0,0.0,0
SMR,1988,15,12,25.8,176.7,72.9,0.0,0
SMR,1992,20,15,25.4,178.5,73.6,0.0,0
SMR,1996,7,7,25.6,179.0,76.0,0.0,0
SMR,2000,4,4,28.8,176.2,75.5,0.0,0
SMR,2004,5,5,27.2,174.6,74.8,0.0,0
SMR,2008,4,4,26.8,176.7,72.7,0.0,0
SMR,2012,4,4,27.2,167.8,65.8,0.0,0
SMR,2016,4,3,34.0,173.0,69.5,0.0,0
SOL,1988,5,5,23.0,172.2,67.0,0.0,0
SOL,2000,2,2,22.0,172.0,64.0,0.0,0
SOL,2004,2,2,21.5,166.0,64.0,0.0,0
SOL,2008,3,3,22.0,161.0,61.0,0.0,0
SOL,2012,4,4,28.2,167.5,62.3,0.0,0
SOL,2016,3,3,24.7,165.0,58.0,0.0,0
SOM,1984,9,6,19.8,178.9,65.7,0.0,0
SOM,1988,5,4,23.2,176.0,62.4,0.0,0
SOM,1996,4,4,28.0,176.0,69.7,0.0,0
SOM,2000,2,2,23.0,173.0,65.5,0.0,0
SOM,2004,2,2,17.0,170.0,56.0,0.0,0
SOM,2008,2,2,17.5,170.5,62.0,0.0,0
SRB,2008,97,42,25.9,186.0,81.0,0.0,15
SRB,2012,134,55,26.6,185.6,81.1,15.0,16
SRB,2016,127,56,27.6,183.6,79.2,16.0,54
SRI,1964,7,6,26.0,170.3,57.9,0.0,0
SRI,1968,3,3,31.0,171.0,61.0,0.0,0
SRI,1972,6,6,25.3,167.5,55.5,0.0,0
SRI,1980,4,1,28.0,172.5,59.5,0.0,0
SRI,1984,6,5,22.5,172.2,67.3,0.0,0
SRI,1988,9,9,23.2,170.0,60.2,0.0,0
SRI,1992,16,16,23.9,168.3,59.5,0.0,0
SRI,1996,11,9,26.4,166.5,59.9,0.0,0
SRI,2000,24,16,26.5,169.7,59.8,0.0,1
SRI,2004,8,8,27.2,174.0,60.2,1.0,0
SRI,2008,9,9,27.7,169.4,65.0,0.0,0
SRI,2012,8,8,26.5,168.4,60.9,0.0,0
SRI,2016,10,10,29.0,168.5,63.8,0.0,0
STP,2000,2,2,24.5,178.5,74.0,0.0,0
STP,2004,2,2,17.0,175.0,61.0,0.0,0
STP,2008,4,4,21.2,171.5,65.8,0.0,0
STP,2012,2,2,23.0,173.5,64.5,0.0,0
STP,2016,3,3,27.3,168.0,57.3,0.0,0
SUD,1968,7,7,32.0,175.1,63.7,0.0,0
SUD,1972,31,15,24.7,170.0,65.6,0.0,0
SUD,1984,9,9,27.2,175.8,62.0,0.0,0
SUD,1988,8,8,27.8,172.1,65.6,0.0,0
SUD,1992,7,7,26.0,171.8,72.6,0.0,0
SUD,1996,4,4,25.0,172.0,63.3,0.0,0
SUD,2000,3,3,19.0,174.7,60.3,0.0,0
SUD,2004,4,4,23.2,183.2,71.8,0.0,0
SUD,2008,9,8,22.2,171.8,61.0,0.0,1
SUD,2012,6,5,23.0,176.2,61.0,1.0,0
SUD,2016,6,6,21.3,173.7,68.0,0.0,0
SUI,1964,129,51,28.1,174.8,71.7,12.0,6
SUI,1968,155,68,26.0,175.9,72.7,6.0,13
SUI,1972,265,116,24.1,172.4,66.4,13.0,8
SUI,1976,101,41,25.6,174.9,70.2,8.0,10
SUI,1980,86,45,25.3,180.5,76.6,10.0,2
SUI,1984,245,91,23.7,173.9,67.9,2.0,13
SUI,1988,151,83,27.6,176.8,70.9,13.0,8
SUI,1992,171,80,26.3,175.6,69.3,8.0,1
SUI,1996,172,83,27.1,174.1,66.9,1.0,11
SUI,2000,138,82,27.4,176.5,68.9,11.0,14
SUI,2004,138,83,27.4,176.8,70.0,14.0,7
SUI,2008,116,75,27.4,176.8,69.8,7.0,11
SUI,2012,126,71,27.4,177.7,72.2,11.0,4
SUI,2016,152,80,26.0,174.1,67.1,4.0,11
SUR,1972,3,3,19.0,168.3,63.7,0.0,0
SUR,1976,4,4,23.0,176.0,67.3,0.0,0
SUR,1984,7,7,19.8,171.8,68.5,0.0,0
SUR,1988,10,10,21.4,173.5,66.1,0.0,1
SUR,1992,9,7,21.7,173.2,65.6,1.0,1
SUR,1996,11,11,21.3,168.2,60.2,1.0,0
SUR,2000,5,5,23.6,166.8,60.8,0.0,0
SUR,2004,4,4,23.5,168.0,58.8,0.0,0
SUR,2008,4,4,19.0,169.0,64.8,0.0,0
SUR,2012,5,5,22.0,169.2,68.0,0.0,0
SUR,2016,6,6,24.3,184.0,77.5,0.0,0
SVK,2000,132,63,24.6,179.9,75.3,3.0,6
SVK,2004,84,59,26.2,178.3,73.5,6.0,10
SVK,2008,67,54,27.8,179.1,72.5,10.0,10
SVK,2012,65,52,27.4,177.5,70.5,10.0,5
SVK,2016,63,49,28.0,180.0,72.8,5.0,8
SWE,1964,175,72,26.1,174.2,67.6,7.0,15
SWE,1968,186,95,24.4,178.6,72.0,15.0,9
SWE,1972,186,90,24.9,178.6,72.0,9.0,22
SWE,1976,163,90,24.5,180.1,75.0,22.0,10
SWE,1980,201,102,23.8,181.0,75.0,10.0,20
SWE,1984,254,138,24.2,179.8,74.2,20.0,34
SWE,1988,251,113,25.5,181.0,75.9,34.0,16
SWE,1992,252,121,26.3,180.4,76.0,16.0,35
SWE,1996,233,109,27.1,179.6,75.2,35.0,31
SWE,2000,198,92,27.2,180.0,75.9,31.0,32
SWE,2004,157,79,27.6,178.4,71.4,32.0,12
SWE,2008,169,81,27.9,178.0,71.7,12.0,7
SWE,2012,168,81,28.4,178.3,72.3,7.0,22
SWE,2016,186,79,27.7,178.1,73.1,22.0,28
SWZ,1984,11,11,23.5,165.8,65.5,0.0,0
SWZ,1988,15,11,24.7,167.2,69.9,0.0,0
SWZ,1992,10,10,21.5,176.8,62.5,0.0,0
SWZ,1996,6,5,26.0,170.0,61.7,0.0,0
SWZ,2000,6,6,22.3,173.5,61.0,0.0,0
SWZ,2004,3,3,26.7,175.0,73.3,0.0,0
SWZ,2008,4,4,20.0,174.0,64.2,0.0,0
SWZ,2012,3,3,22.0,176.7,74.7,0.0,0
SWZ,2016,2,2,25.5,175.0,69.5,0.0,0
SYR,1980,71,55,24.5,173.8,79.8,0.0,0
SYR,1984,9,9,24.9,170.7,77.4,0.0,1
SYR,1988,13,13,22.8,170.2,73.2,1.0,0
SYR,1992,9,9,23.7,174.0,63.8,0.0,0
SYR,1996,8,8,23.8,168.0,63.7,0.0,1
SYR,2000,8,7,26.0,178.5,71.2,1.0,0
SYR,2004,6,6,27.2,177.0,83.5,0.0,1
SYR,2008,7,7,25.0,176.1,76.7,1.0,0
SYR,2012,10,10,24.5,177.9,74.1,0.0,0
SYR,2016,7,7,24.1,185.3,84.8,0.0,0
TAN,1968,5,5,21.0,172.0,65.4,0.0,0
TAN,1972,22,16,23.0,171.7,61.9,0.0,0
TAN,1980,48,22,25.0,170.0,64.3,0.0,2
TAN,1984,21,14,27.4,170.2,63.3,2.0,0
TAN,1988,10,9,23.5,167.3,62.1,0.0,0
TAN,1992,9,7,26.0,168.7,63.1,0.0,0
TAN,1996,7,5,25.9,168.2,64.7,0.0,0
TAN,2000,4,2,27.0,171.2,59.0,0.0,0
TAN,2004,9,6,24.4,166.4,54.1,0.0,0
TAN,2008,9,6,25.4,169.0,61.9,0.0,0
TAN,2012,6,5,26.7,166.3,58.2,0.0,0
TAN,2016,7,5,24.4,165.8,57.9,0.0,0
TCH,1964,187,64,24.8,172.6,70.4,22.0,54
TCH,1968,203,66,24.0,172.9,69.1,54.0,29
TCH,1972,274,93,24.5,175.6,72.6,29.0,29
TCH,1976,251,79,24.0,175.7,71.8,29.0,15
TCH,1980,317,114,24.0,174.4,70.0,15.0,51
TCH,1988,226,97,23.7,176.6,72.0,51.0,10
TCH,1992,269,121,24.0,178.6,73.9,10.0,8
TGA,1992,5,5,24.0,179.8,81.2,0.0,0
TGA,1996,5,5,24.4,177.0,86.0,0.0,1
TGA,2000,3,3,27.7,173.3,79.7,1.0,0
TGA,2004,5,5,27.4,177.0,83.6,0.0,0
TGA,2008,3,3,29.7,181.7,100.0,0.0,0
TGA,2012,3,3,24.7,183.0,88.5,0.0,0
TGA,2016,7,7,22.1,177.9,79.0,0.0,0
THA,1964,67,41,25.2,167.8,62.5,0.0,0
THA,1968,46,18,26.4,169.4,61.5,0.0,0
THA,1972,37,21,29.2,167.1,61.4,0.0,0
THA,1976,62,33,26.4,169.0,60.0,0.0,1
THA,1984,40,25,27.8,167.5,59.3,1.0,1
THA,1988,15,12,24.9,165.5,58.8,1.0,1
THA,1992,64,47,22.2,166.5,58.8,1.0,1
THA,1996,58,42,21.3,169.0,62.8,1.0,2
THA,2000,68,51,23.0,170.3,62.6,2.0,3
THA,2004,51,46,25.2,169.3,63.5,3.0,8
THA,2008,53,43,24.6,167.1,59.5,8.0,4
THA,2012,43,37,24.9,168.1,64.4,4.0,3
THA,2016,58,45,26.0,169.5,65.9,3.0,6
TJK,2000,4,4,22.2,168.5,57.2,0.0,0
TJK,2004,9,9,29.3,168.6,73.1,0.0,0
TJK,2008,16,16,27.3,173.5,76.9,0.0,2
TJK,2012,16,16,27.2,175.3,77.2,2.0,1
TJK,2016,7,7,24.9,179.1,80.1,1.0,1
TKM,2000,8,8,25.4,170.0,68.6,0.0,0
TKM,2004,10,10,24.7,175.4,71.6,0.0,0
TKM,2008,10,9,23.7,169.7,70.2,0.0,0
TKM,2012,10,10,23.0,174.3,69.6,0.0,0
TKM,2016,9,9,22.4,175.0,77.3,0.0,0
TLS,2008,1,1,24.0,151.0,48.0,0.0,0
TLS,2012,2,2,24.0,159.5,53.0,0.0,0
TLS,2016,3,3,26.0,160.0,58.0,0.0,0
TOG,1984,6,6,25.2,174.2,66.5,0.0,0
TOG,1988,6,6,23.3,173.0,64.8,0.0,0
TOG,1992,9,5,24.3,171.8,71.1,0.0,0
TOG,1996,7,4,26.3,173.6,72.8,0.0,0
TOG,2000,3,3,19.3,171.0,68.3,0.0,0
TOG,2004,3,3,22.7,174.0,66.3,0.0,0
TOG,2008,4,4,27.5,177.8,76.2,0.0,1
TOG,2012,6,6,23.8,173.4,68.8,1.0,0
TOG,2016,5,5,18.8,158.0,53.0,0.0,0
TPE,1964,96,46,24.3,164.6,59.9,1.0,0
TPE,1968,93,57,23.9,166.5,59.7,0.0,1
TPE,1972,44,41,21.6,169.5,62.7,1.0,0
TPE,1984,52,40,22.8,172.0,64.8,0.0,1
TPE,1988,123,84,22.0,168.7,62.1,1.0,0
TPE,1992,38,15,24.8,174.9,72.1,0.0,20
TPE,1996,107,63,22.2,168.5,62.0,20.0,1
TPE,2000,75,59,22.3,168.7,62.5,1.0,5
TPE,2004,104,52,22.9,172.1,69.5,5.0,9
TPE,2008,92,41,24.8,171.3,70.9,9.0,4
TPE,2012,55,40,24.2,169.6,67.9,4.0,2
TPE,2016,67,46,25.1,169.2,65.6,2.0,5
TTO,1964,18,10,25.0,177.3,76.9,0.0,6
TTO,1968,25,14,24.3,174.7,71.5,6.0,0
TTO,1972,36,16,22.9,177.4,72.9,0.0,0
TTO,1976,20,10,24.4,176.7,70.8,0.0,1
TTO,1980,15,5,27.1,177.4,74.5,1.0,0
TTO,1984,23,14,22.0,177.3,69.5,0.0,0
TTO,1988,10,9,23.2,172.1,65.0,0.0,0
TTO,1992,13,7,25.1,178.6,72.8,0.0,0
TTO,1996,16,14,24.0,176.7,70.8,0.0,2
TTO,2000,29,18,23.3,178.8,73.0,2.0,2
TTO,2004,26,18,24.2,178.1,75.3,2.0,1
TTO,2008,35,19,24.7,178.5,73.2,1.0,6
TTO,2012,38,22,24.7,177.3,74.6,6.0,10
TTO,2016,43,24,26.4,174.6,69.2,10.0,1
TUN,1964,12,9,25.2,173.1,63.3,0.0,2
TUN,1968,8,7,25.4,169.8,60.6,2.0,2
TUN,1972,37,11,23.3,178.8,72.8,2.0,1
TUN,1976,16,5,22.7,181.5,76.9,1.0,0
TUN,1984,28,17,22.1,178.8,71.6,0.0,0
TUN,1988,45,14,24.2,179.1,71.8,0.0,0
TUN,1992,15,13,24.7,173.4,67.0,0.0,0
TUN,1996,52,24,23.8,179.0,75.4,0.0,1
TUN,2000,47,34,24.4,179.1,77.4,1.0,0
TUN,2004,64,37,23.2,178.3,72.9,0.0,0
TUN,2008,29,28,23.7,174.8,69.2,0.0,1
TUN,2012,87,50,25.3,183.8,81.8,1.0,3
TUN,2016,65,47,26.9,180.8,78.9,3.0,3
TUR,1964,25,24,29.0,175.3,76.0,9.0,6
TUR,1968,30,29,27.1,173.4,71.5,6.0,2
TUR,1972,50,43,25.8,173.4,69.1,2.0,1
TUR,1976,28,27,25.9,169.3,66.9,1.0,0
TUR,1984,62,49,24.8,176.9,72.5,0.0,3
TUR,1988,51,40,23.6,173.3,68.7,3.0,2
TUR,1992,54,43,23.1,174.7,75.7,2.0,6
TUR,1996,61,55,24.4,172.6,72.0,6.0,6
TUR,2000,67,58,23.9,174.2,71.5,6.0,5
TUR,2004,74,65,24.3,174.1,71.2,5.0,11
TUR,2008,71,67,25.6,174.0,71.5,11.0,7
TUR,2012,119,80,25.7,174.5,70.8,7.0,5
TUR,2016,119,88,25.4,175.2,69.9,5.0,8
TUV,2012,3,3,20.3,158.0,60.7,0.0,0
TUV,2016,1,1,24.0,184.0,72.0,0.0,0
UAE,1992,36,19,21.6,171.3,62.5,0.0,0
UAE,1996,4,4,23.8,180.0,80.0,0.0,0
UAE,2000,5,5,27.6,175.2,72.2,0.0,0
UAE,2004,5,5,29.4,176.8,70.6,0.0,1
UAE,2008,9,9,27.8,172.1,69.0,1.0,0
UAE,2012,26,9,23.6,174.3,70.2,0.0,0
UAE,2016,12,11,27.8,171.6,73.0,0.0,1
UGA,1964,19,14,23.2,175.1,70.3,0.0,0
UGA,1968,14,14,22.6,171.6,63.1,0.0,2
UGA,1972,35,19,25.5,173.3,66.9,2.0,2
UGA,1980,16,12,24.5,176.6,69.7,2.0,1
UGA,1984,30,24,24.4,170.6,65.7,1.0,0
UGA,1988,30,22,23.8,170.3,62.7,0.0,0
UGA,1992,9,9,22.6,177.2,64.4,0.0,0
UGA,1996,12,9,25.4,169.5,69.1,0.0,1
UGA,2000,13,13,24.5,164.9,57.2,1.0,0
UGA,2004,11,10,20.9,167.5,61.3,0.0,0
UGA,2008,11,10,23.5,172.9,58.9,0.0,0
UGA,2012,16,12,24.1,170.9,59.6,0.0,1
UGA,2016,23,14,23.1,171.2,61.3,1.0,0
UKR,2000,368,185,24.5,174.1,69.2,34.0,35
UKR,2004,357,175,24.4,174.7,68.9,35.0,47
UKR,2008,327,177,24.9,175.4,69.9,47.0,31
UKR,2012,304,174,25.4,175.2,70.1,31.0,26
UKR,2016,272,142,26.5,174.9,68.9,26.0,15
URS,1964,463,154,26.0,174.7,72.8,169.0,174
URS,1968,471,164,24.4,175.4,72.2,174.0,192
URS,1972,531,180,24.9,175.4,72.4,192.0,214
URS,1976,574,189,24.0,175.8,72.5,214.0,286
URS,1980,660,202,23.7,176.5,72.6,286.0,442
URS,1988,647,221,24.1,177.1,73.7,442.0,300
URU,1964,29,8,25.4,179.8,78.9,0.0,1
URU,1968,50,31,20.8,167.7,64.6,1.0,0
URU,1972,20,12,22.7,170.2,67.0,0.0,0
URU,1976,15,9,20.8,172.4,68.6,0.0,0
URU,1984,23,11,22.0,186.5,81.5,0.0,0
URU,1988,18,14,24.2,178.9,76.5,0.0,0
URU,1992,18,15,27.4,179.3,74.4,0.0,0
URU,1996,15,14,25.1,177.5,71.3,0.0,0
URU,2000,17,16,25.8,176.4,75.3,0.0,1
URU,2004,18,16,24.3,177.7,73.4,1.0,0
URU,2008,13,12,25.3,178.1,73.2,0.0,0
URU,2012,27,11,24.0,179.1,74.0,0.0,0
URU,2016,17,14,29.2,176.8,72.1,0.0,0
USA,1964,492,159,23.5,177.2,71.8,125.0,169
USA,1968,529,167,23.5,177.2,72.1,169.0,166
USA,1972,578,185,23.6,177.6,71.7,166.0,171
USA,1976,554,189,23.0,177.3,71.0,171.0,164
USA,1984,693,217,24.6,177.2,71.6,164.0,352
USA,1988,715,230,25.2,177.1,71.4,352.0,207
USA,1992,734,248,25.7,177.0,71.9,207.0,224
USA,1996,839,263,26.4,177.5,73.2,224.0,259
USA,2000,764,265,26.6,177.3,73.6,259.0,242
USA,2004,726,254,26.5,177.0,73.6,242.0,263
USA,2008,763,258,26.4,177.7,74.4,263.0,317
USA,2012,689,245,26.7,178.3,74.7,317.0,248
USA,2016,719,245,26.4,178.0,73.8,248.0,264
UZB,2000,85,69,24.4,175.3,72.6,2.0,4
UZB,2004,79,71,23.7,177.6,75.0,4.0,5
UZB,2008,69,67,23.3,175.4,71.2,5.0,6
UZB,2012,56,52,25.4,175.7,75.3,6.0,3
UZB,2016,80,69,25.7,174.4,72.5,3.0,13
VAN,1992,8,8,21.6,169.7,59.2,0.0,0
VAN,1996,4,4,25.8,166.5,60.8,0.0,0
VAN,2000,3,3,38.7,166.5,63.5,0.0,0
VAN,2004,2,2,18.0,166.0,63.5,0.0,0
VAN,2008,3,3,21.0,167.7,69.5,0.0,0
VAN,2012,5,5,24.6,172.0,73.0,0.0,0
VAN,2016,4,4,23.0,176.7,70.3,0.0,0
VEN,1964,23,16,29.9,176.0,73.9,1.0,0
VEN,1968,30,17,28.2,175.2,70.4,0.0,1
VEN,1972,33,27,21.8,174.3,67.5,1.0,0
VEN,1976,56,35,19.1,169.1,60.9,0.0,1
VEN,1980,43,20,21.8,174.1,67.7,1.0,1
VEN,1984,44,29,23.5,178.8,71.9,1.0,3
VEN,1988,17,15,23.2,169.2,63.2,3.0,0
VEN,1992,27,16,25.6,182.2,76.0,0.0,0
VEN,1996,53,36,23.5,177.0,75.8,0.0,0
VEN,2000,65,49,23.0,171.1,68.0,0.0,0
VEN,2004,53,51,24.4,172.6,73.1,0.0,2
VEN,2008,126,83,24.4,174.8,69.8,2.0,1
VEN,2012,85,70,26.3,172.2,69.5,1.0,1
VEN,2016,105,77,27.5,177.4,74.9,1.0,3
VIE,1988,12,12,22.9,166.0,55.8,0.0,0
VIE,1992,10,10,23.6,163.0,50.2,0.0,0
VIE,1996,6,6,22.2,159.0,51.0,0.0,0
VIE,2000,7,7,22.4,163.4,54.4,0.0,1
VIE,2004,11,10,22.5,170.2,61.4,1.0,0
VIE,2008,18,18,25.1,162.1,57.6,0.0,1
VIE,2012,24,23,23.7,164.8,57.1,1.0,0
VIE,2016,28,24,26.9,167.1,59.7,0.0,2
VIN,1992,8,5,22.0,179.5,68.2,0.0,0
VIN,1996,12,6,21.8,185.7,71.5,0.0,0
VIN,2000,4,4,21.0,172.5,64.0,0.0,0
VIN,2004,3,3,21.3,167.7,62.7,0.0,0
VIN,2008,2,2,24.0,178.0,65.0,0.0,0
VIN,2012,3,3,22.0,180.5,73.5,0.0,0
VIN,2016,4,4,20.8,175.5,60.0,0.0,0
VNM,1964,23,14,27.6,165.9,58.3,0.0,0
VNM,1968,9,7,27.6,165.7,59.7,0.0,0
VNM,1972,2,1,43.0,162.0,53.0,0.0,0
YAR,1988,8,8,20.1,169.1,69.0,0.0,0
YEM,1996,4,4,24.8,166.7,59.7,0.0,0
YEM,2000,2,2,25.0,171.5,61.0,0.0,0
YEM,2004,3,3,20.0,168.7,64.3,0.0,0
YEM,2008,8,8,21.4,165.4,55.6,0.0,0
YEM,2012,4,4,20.0,169.0,58.0,0.0,0
YEM,2016,3,3,19.3,169.7,65.7,0.0,0
YUG,1964,123,32,25.0,176.8,75.4,17.0,15
YUG,1968,130,54,24.2,174.9,71.6,15.0,29
YUG,1972,212,73,24.6,175.2,71.5,29.0,18
YUG,1976,95,52,24.4,185.5,82.6,18.0,19
YUG,1980,180,69,24.3,183.3,79.2,19.0,57
YUG,1984,154,53,24.6,182.4,78.3,57.0,87
YUG,1988,183,72,23.9,182.8,77.6,87.0,63
ZAM,1968,7,5,20.1,175.2,60.2,0.0,0
ZAM,1972,12,12,21.2,168.5,58.2,0.0,0
ZAM,1980,43,25,27.2,174.2,68.0,0.0,0
ZAM,1984,18,18,22.3,173.7,67.8,0.0,1
ZAM,1988,33,11,24.0,172.8,68.1,1.0,0
ZAM,1992,11,11,22.8,169.7,64.4,0.0,0
ZAM,1996,8,8,25.8,170.2,60.6,0.0,1
ZAM,2000,8,8,23.0,173.2,64.8,1.0,0
ZAM,2004,6,6,22.5,173.7,64.5,0.0,0
ZAM,2008,8,8,21.9,168.7,62.8,0.0,0
ZAM,2012,7,7,22.6,176.2,74.2,0.0,0
ZAM,2016,7,7,24.1,175.2,67.5,0.0,0
ZIM,1964,33,15,25.3,174.5,70.4,0.0,0
ZIM,1980,52,30,26.9,171.9,71.0,0.0,15
ZIM,1984,20,18,29.1,174.0,67.6,15.0,0
ZIM,1988,47,38,25.1,176.5,70.3,0.0,0
ZIM,1992,28,22,21.2,171.1,62.4,0.0,0
ZIM,1996,21,15,23.8,176.7,68.7,0.0,0
ZIM,2000,26,19,25.0,179.0,71.1,0.0,0
ZIM,2004,14,11,25.1,177.8,70.5,0.0,3
ZIM,2008,16,15,26.1,171.9,63.7,3.0,4
ZIM,2012,9,8,27.3,174.4,65.2,4.0,0
ZIM,2016,31,13,27.5,167.8,62.2,0.0,0
